/*
MySQL Data Transfer
Source Host: localhost
Source Database: defectograf
Target Host: localhost
Target Database: defectograf
Date: 17.03.2014 15:26:35
*/

SET FOREIGN_KEY_CHECKS=0;
-- ----------------------------
-- Table structure for bufferdata
-- ----------------------------
CREATE TABLE `bufferdata` (
  `Id` int(11) NOT NULL auto_increment,
  `Id_Gost` int(11) default NULL,
  `Id_SizeTube` int(11) default NULL,
  PRIMARY KEY  (`Id`),
  KEY `Id_SizeTube` (`Id_SizeTube`),
  CONSTRAINT `bufferdata_ibfk_1` FOREIGN KEY (`Id_SizeTube`) REFERENCES `sizetubes` (`Id_SizeTube`) ON DELETE CASCADE ON UPDATE CASCADE
) ENGINE=InnoDB AUTO_INCREMENT=75 DEFAULT CHARSET=utf8;

-- ----------------------------
-- Table structure for controlsamples
-- ----------------------------
CREATE TABLE `controlsamples` (
  `Id_ControlSample` int(11) NOT NULL auto_increment,
  `NameControlSample` varchar(255) default NULL,
  `Diameter` varchar(255) default NULL,
  `DepthMin` varchar(11) default NULL,
  `DepthMax` varchar(11) default NULL,
  PRIMARY KEY  (`Id_ControlSample`)
) ENGINE=InnoDB AUTO_INCREMENT=94 DEFAULT CHARSET=utf8;

-- ----------------------------
-- Table structure for defectsdata
-- ----------------------------
CREATE TABLE `defectsdata` (
  `IndexData` bigint(20) NOT NULL auto_increment,
  `NumberPart` int(11) default NULL,
  `NumberTube` int(11) default NULL,
  `NumberSegments` int(11) default NULL,
  `DataSensors` blob,
  `DatePr` date default NULL,
  `TimePr` time default NULL,
  `Porog` int(11) default NULL,
  `Current` int(11) default NULL,
  `Deffects` tinyint(1) default NULL,
  PRIMARY KEY  (`IndexData`)
) ENGINE=InnoDB AUTO_INCREMENT=9660 DEFAULT CHARSET=utf8;

-- ----------------------------
-- Table structure for device
-- ----------------------------
CREATE TABLE `device` (
  `Id_Device` int(11) NOT NULL auto_increment,
  `NameDevice` varchar(255) default NULL,
  `NameValue` varchar(255) default NULL,
  `Limit` varchar(255) default NULL,
  PRIMARY KEY  (`Id_Device`)
) ENGINE=InnoDB AUTO_INCREMENT=4 DEFAULT CHARSET=utf8;

-- ----------------------------
-- Table structure for gosts
-- ----------------------------
CREATE TABLE `gosts` (
  `Id_Gost` int(11) NOT NULL auto_increment,
  `NameGost` varchar(255) default NULL,
  PRIMARY KEY  (`Id_Gost`)
) ENGINE=InnoDB AUTO_INCREMENT=11 DEFAULT CHARSET=utf8;

-- ----------------------------
-- Table structure for indexes
-- ----------------------------
CREATE TABLE `indexes` (
  `Ind` bigint(20) NOT NULL auto_increment,
  `Version` varchar(255) default NULL,
  `IndexData` bigint(20) default NULL,
  `Id_SizeTube` int(11) default NULL,
  `Id_Gost` int(11) default NULL,
  `Id_ControlSample` int(11) default NULL,
  `Id_WorkSmen` int(11) default NULL,
  `Id_TimeIntervalSmen` int(11) default NULL,
  `Id_Operator1` int(11) default NULL,
  `Id_Operator2` int(11) default NULL,
  `Id_Device` int(11) default NULL,
  `Id_Sensor` varchar(11) default NULL,
  `Id_NameDefect` int(11) default NULL,
  PRIMARY KEY  (`Ind`)
) ENGINE=InnoDB AUTO_INCREMENT=9654 DEFAULT CHARSET=utf8;

-- ----------------------------
-- Table structure for listdefects
-- ----------------------------
CREATE TABLE `listdefects` (
  `Id_NameDefect` int(11) NOT NULL auto_increment,
  `NameDefect` varchar(255) default NULL,
  PRIMARY KEY  (`Id_NameDefect`)
) ENGINE=InnoDB AUTO_INCREMENT=5 DEFAULT CHARSET=utf8;

-- ----------------------------
-- Table structure for operators
-- ----------------------------
CREATE TABLE `operators` (
  `Id_Operator` int(11) NOT NULL auto_increment,
  `Surname` varchar(255) default NULL,
  `LevelMD` char(1) default NULL,
  `LevelUSD` char(1) default NULL,
  `Id_WorkSmen` int(11) default NULL,
  PRIMARY KEY  (`Id_Operator`)
) ENGINE=InnoDB AUTO_INCREMENT=35 DEFAULT CHARSET=utf8;

-- ----------------------------
-- Table structure for sensors
-- ----------------------------
CREATE TABLE `sensors` (
  `Id_Sensor` int(11) NOT NULL auto_increment,
  `NameSensor` varchar(255) default NULL,
  PRIMARY KEY  (`Id_Sensor`)
) ENGINE=InnoDB AUTO_INCREMENT=9 DEFAULT CHARSET=utf8;

-- ----------------------------
-- Table structure for sizetubes
-- ----------------------------
CREATE TABLE `sizetubes` (
  `Id_SizeTube` int(11) NOT NULL auto_increment,
  `SizeTube` varchar(255) default NULL,
  `NameControlSample` varchar(255) default NULL,
  PRIMARY KEY  (`Id_SizeTube`)
) ENGINE=InnoDB AUTO_INCREMENT=27 DEFAULT CHARSET=utf8;

-- ----------------------------
-- Table structure for timeintervalsmens
-- ----------------------------
CREATE TABLE `timeintervalsmens` (
  `Id_TimeIntervalSmen` int(11) NOT NULL auto_increment,
  `TimeIntervalSmen` varchar(255) default NULL,
  PRIMARY KEY  (`Id_TimeIntervalSmen`)
) ENGINE=InnoDB AUTO_INCREMENT=3 DEFAULT CHARSET=utf8;

-- ----------------------------
-- Table structure for worksmens
-- ----------------------------
CREATE TABLE `worksmens` (
  `Id_WorkSmen` int(11) NOT NULL auto_increment,
  `NameSmen` varchar(255) default NULL,
  PRIMARY KEY  (`Id_WorkSmen`)
) ENGINE=InnoDB AUTO_INCREMENT=5 DEFAULT CHARSET=utf8;

-- ----------------------------
-- Records 
-- ----------------------------
INSERT INTO `bufferdata` VALUES ('1', '1', '3');
INSERT INTO `bufferdata` VALUES ('2', '1', '5');
INSERT INTO `bufferdata` VALUES ('3', '1', '10');
INSERT INTO `bufferdata` VALUES ('4', '1', '6');
INSERT INTO `bufferdata` VALUES ('5', '1', '7');
INSERT INTO `bufferdata` VALUES ('6', '1', '11');
INSERT INTO `bufferdata` VALUES ('7', '1', '9');
INSERT INTO `bufferdata` VALUES ('8', '1', '12');
INSERT INTO `bufferdata` VALUES ('9', '1', '13');
INSERT INTO `bufferdata` VALUES ('10', '1', '14');
INSERT INTO `bufferdata` VALUES ('11', '1', '15');
INSERT INTO `bufferdata` VALUES ('12', '1', '17');
INSERT INTO `bufferdata` VALUES ('13', '2', '7');
INSERT INTO `bufferdata` VALUES ('14', '2', '11');
INSERT INTO `bufferdata` VALUES ('15', '2', '14');
INSERT INTO `bufferdata` VALUES ('16', '2', '15');
INSERT INTO `bufferdata` VALUES ('17', '2', '17');
INSERT INTO `bufferdata` VALUES ('18', '3', '1');
INSERT INTO `bufferdata` VALUES ('19', '3', '7');
INSERT INTO `bufferdata` VALUES ('20', '4', '3');
INSERT INTO `bufferdata` VALUES ('21', '4', '5');
INSERT INTO `bufferdata` VALUES ('22', '4', '6');
INSERT INTO `bufferdata` VALUES ('23', '4', '7');
INSERT INTO `bufferdata` VALUES ('24', '4', '9');
INSERT INTO `bufferdata` VALUES ('25', '4', '10');
INSERT INTO `bufferdata` VALUES ('26', '4', '11');
INSERT INTO `bufferdata` VALUES ('27', '4', '12');
INSERT INTO `bufferdata` VALUES ('28', '4', '14');
INSERT INTO `bufferdata` VALUES ('29', '4', '15');
INSERT INTO `bufferdata` VALUES ('30', '4', '17');
INSERT INTO `bufferdata` VALUES ('31', '5', '7');
INSERT INTO `bufferdata` VALUES ('32', '5', '14');
INSERT INTO `bufferdata` VALUES ('33', '5', '15');
INSERT INTO `bufferdata` VALUES ('34', '5', '17');
INSERT INTO `bufferdata` VALUES ('35', '6', '19');
INSERT INTO `bufferdata` VALUES ('36', '6', '20');
INSERT INTO `bufferdata` VALUES ('37', '6', '21');
INSERT INTO `bufferdata` VALUES ('38', '6', '22');
INSERT INTO `bufferdata` VALUES ('39', '6', '23');
INSERT INTO `bufferdata` VALUES ('40', '6', '24');
INSERT INTO `bufferdata` VALUES ('41', '6', '25');
INSERT INTO `bufferdata` VALUES ('42', '6', '26');
INSERT INTO `bufferdata` VALUES ('43', '7', '2');
INSERT INTO `bufferdata` VALUES ('44', '7', '6');
INSERT INTO `bufferdata` VALUES ('45', '7', '8');
INSERT INTO `bufferdata` VALUES ('46', '7', '9');
INSERT INTO `bufferdata` VALUES ('47', '7', '10');
INSERT INTO `bufferdata` VALUES ('48', '7', '13');
INSERT INTO `bufferdata` VALUES ('49', '7', '14');
INSERT INTO `bufferdata` VALUES ('50', '7', '16');
INSERT INTO `bufferdata` VALUES ('51', '7', '18');
INSERT INTO `bufferdata` VALUES ('52', '8', '2');
INSERT INTO `bufferdata` VALUES ('53', '8', '8');
INSERT INTO `bufferdata` VALUES ('54', '8', '9');
INSERT INTO `bufferdata` VALUES ('55', '8', '10');
INSERT INTO `bufferdata` VALUES ('56', '8', '13');
INSERT INTO `bufferdata` VALUES ('57', '8', '14');
INSERT INTO `bufferdata` VALUES ('58', '8', '16');
INSERT INTO `bufferdata` VALUES ('59', '8', '18');
INSERT INTO `bufferdata` VALUES ('60', '9', '2');
INSERT INTO `bufferdata` VALUES ('61', '9', '4');
INSERT INTO `bufferdata` VALUES ('62', '9', '6');
INSERT INTO `bufferdata` VALUES ('63', '9', '8');
INSERT INTO `bufferdata` VALUES ('64', '9', '9');
INSERT INTO `bufferdata` VALUES ('65', '9', '10');
INSERT INTO `bufferdata` VALUES ('66', '9', '13');
INSERT INTO `bufferdata` VALUES ('67', '9', '14');
INSERT INTO `bufferdata` VALUES ('68', '9', '16');
INSERT INTO `bufferdata` VALUES ('69', '9', '18');
INSERT INTO `bufferdata` VALUES ('70', '10', '2');
INSERT INTO `bufferdata` VALUES ('71', '10', '4');
INSERT INTO `bufferdata` VALUES ('72', '10', '8');
INSERT INTO `bufferdata` VALUES ('73', '10', '16');
INSERT INTO `bufferdata` VALUES ('74', '10', '18');
INSERT INTO `controlsamples` VALUES ('1', 'КО МД 89*2,3-2,6 (№114)', '89', '2,3', '2,6');
INSERT INTO `controlsamples` VALUES ('2', 'КО МД 89*2,7-3,3 (№113)', '89', '2,7', '3,3');
INSERT INTO `controlsamples` VALUES ('3', 'КО МД 89*3,2-3,5 (№107)', '89', '3,2', '3,5');
INSERT INTO `controlsamples` VALUES ('4', 'КО МД 89*3,6-3,8 (№109)', '89', '3,6', '3,8');
INSERT INTO `controlsamples` VALUES ('5', 'КО МД 89*3,9-4,2 (№110)', '89', '3,9', '4,2');
INSERT INTO `controlsamples` VALUES ('6', 'КО МД 89*4,0-4,8 (№122)', '89', '4,0', '4,8');
INSERT INTO `controlsamples` VALUES ('7', 'КО МД 89*4,6-5,0 (№115)', '89', '4,6', '5,0');
INSERT INTO `controlsamples` VALUES ('8', 'КО МД 89*5,1-6,3 (№178)', '89', '5,1', '6,3');
INSERT INTO `controlsamples` VALUES ('9', 'КО МД 89*6,1-7,5 (№177)', '89', '6,1', '7,5');
INSERT INTO `controlsamples` VALUES ('10', 'КО МД 102*2,6-3,2 (№130)', '102', '2,6', '3,2');
INSERT INTO `controlsamples` VALUES ('11', 'КО МД 102*3,1-3,8 (№189)', '102', '3,1', '3,8');
INSERT INTO `controlsamples` VALUES ('12', 'КО МД 102*3,7-4,6 (№184)', '102', '3,7', '4,6');
INSERT INTO `controlsamples` VALUES ('13', 'КО МД 102*5,0-6,2 (№124)', '102', '5,0', '6,2');
INSERT INTO `controlsamples` VALUES ('14', 'КО МД 108*2,7-3,1 (№137)', '108', '2,7', '3,1');
INSERT INTO `controlsamples` VALUES ('15', 'КО МД 108*3,2-3,5 (№134)', '108', '3,2', '3,5');
INSERT INTO `controlsamples` VALUES ('16', 'КО МД 108*3,6-3,8 (№136)', '108', '3,6', '3,8');
INSERT INTO `controlsamples` VALUES ('17', 'КО МД 108*3,9-4,3 (№131)', '108', '3,9', '4,3');
INSERT INTO `controlsamples` VALUES ('18', 'КО МД 108*4,2-5,1 (№151)', '108', '4,2', '5,1');
INSERT INTO `controlsamples` VALUES ('19', 'КО МД 108*5,1-6,3 (№152)', '108', '5,1', '6,3');
INSERT INTO `controlsamples` VALUES ('20', 'КО МД 108*6,0-7,4 (№123)', '108', '6,0', '7,4');
INSERT INTO `controlsamples` VALUES ('21', 'КО МД 114*2,85-3,5 (№150)', '114', '2,85', '3,5');
INSERT INTO `controlsamples` VALUES ('22', 'КО МД 114*3,0-3,3 (№120)', '114', '3,0', '3,3');
INSERT INTO `controlsamples` VALUES ('23', 'КО МД 114*3,5-3,8 (№141)', '114', '3,5', '3,8');
INSERT INTO `controlsamples` VALUES ('24', 'КО МД 114*3,8-4,6 (№179)', '114', '3,8', '4,6');
INSERT INTO `controlsamples` VALUES ('25', 'КО МД 114*3,9-4,2 (№119)', '114', '3,9', '4,2');
INSERT INTO `controlsamples` VALUES ('26', 'КО МД 114*4,7-4,9 (№105)', '114', '4,7', '4,9');
INSERT INTO `controlsamples` VALUES ('27', 'КО МД 114*4,7-5,7 (№135)', '114', '4,7', '5,7');
INSERT INTO `controlsamples` VALUES ('28', 'КО МД 114*5,6-5,9 (№144)', '114', '5,6', '5,9');
INSERT INTO `controlsamples` VALUES ('29', 'КО МД 114*6,1-7,3 (№175)', '114', '6,1', '7,3');
INSERT INTO `controlsamples` VALUES ('30', 'КО МД 127*2,5-3,0 (№176)', '127', '2,5', '3,0');
INSERT INTO `controlsamples` VALUES ('31', 'КО МД 127*3,0-3,6 (№167)', '127', '3,0', '3,6');
INSERT INTO `controlsamples` VALUES ('32', 'КО МД 127*3,4-4,0 (№159)', '127', '3,4', '4,0');
INSERT INTO `controlsamples` VALUES ('33', 'КО МД 127*4,1-4,9 (№154)', '127', '4,1', '4,9');
INSERT INTO `controlsamples` VALUES ('34', 'КО МД 127*5,3-6,5 (№171)', '127', '5,3', '6,5');
INSERT INTO `controlsamples` VALUES ('35', 'КО МД 133*2,6-3,3 (№125)', '133', '2,6', '3,3');
INSERT INTO `controlsamples` VALUES ('36', 'КО МД 133*3,2-4,0 (№104)', '133', '3,2', '4,0');
INSERT INTO `controlsamples` VALUES ('37', 'КО МД 133*3,4-4,2 (№180)', '133', '3,4', '4,2');
INSERT INTO `controlsamples` VALUES ('38', 'КО МД 133*4,14-5,0 (№174)', '133', '4,14', '5,0');
INSERT INTO `controlsamples` VALUES ('39', 'КО МД 133*5,31-6,49 (№103)', '133', '5,31', '6,49');
INSERT INTO `controlsamples` VALUES ('40', 'КО МД 146*3,4-4,0 (№153)', '146', '3,4', '4,0');
INSERT INTO `controlsamples` VALUES ('41', 'КО МД 146*4,2-5,2 (№101)', '146', '4,2', '5,2');
INSERT INTO `controlsamples` VALUES ('42', 'КО МД 146*5,2-6,2 (№157)', '146', '5,2', '6,2');
INSERT INTO `controlsamples` VALUES ('43', 'КО МД 146*5,94-7,26 (№186)', '146', '5,94', '7,26');
INSERT INTO `controlsamples` VALUES ('44', 'КО МД 146,1*6,9-8,4 (№146)', '146,1', '6,9', '8,4');
INSERT INTO `controlsamples` VALUES ('45', 'КО МД 147*4,1-5,1 (№166)', '147', '4,1', '5,1');
INSERT INTO `controlsamples` VALUES ('46', 'КО МД 152,4*1,75-2,15 (№158)', '152,4', '1,75', '2,15');
INSERT INTO `controlsamples` VALUES ('47', 'КО МД 152*2,5*3,1 (№173)', '152', '2,5', '3,1');
INSERT INTO `controlsamples` VALUES ('48', 'КО МД 152*3,2 (№149)', '152', '3,2', '3,2');
INSERT INTO `controlsamples` VALUES ('49', 'КО МД 152*3,5-4,2 (№172)', '152', '3,5', '4,2');
INSERT INTO `controlsamples` VALUES ('50', 'КО МД 152*4,0-4,5 (№121)', '152', '4,0', '4,5');
INSERT INTO `controlsamples` VALUES ('51', 'КО МД 152*4,25-5,25 (№185)', '152', '4,25', '5,25');
INSERT INTO `controlsamples` VALUES ('52', 'КО МД 152*7,0-8,6 (№132)', '152', '7,0', '8,6');
INSERT INTO `controlsamples` VALUES ('53', 'КО МД 159*3,4 (№133)', '159', '3,4', '3,4');
INSERT INTO `controlsamples` VALUES ('54', 'КО МД 159*3,9 (№138)', '159', '3,9', '3,9');
INSERT INTO `controlsamples` VALUES ('55', 'КО МД 159*4,0-4,5 (№106)', '159', '4,0', '4,5');
INSERT INTO `controlsamples` VALUES ('56', 'КО МД 159*4,6-5,5 (№100)', '159', '4,6', '5,5');
INSERT INTO `controlsamples` VALUES ('57', 'КО МД 159*5,6-6,5 (№108)', '159', '5,6', '6,5');
INSERT INTO `controlsamples` VALUES ('58', 'КО МД 159*6,7 (№147)', '159', '6,7', '6,7');
INSERT INTO `controlsamples` VALUES ('59', 'КО МД 159*7,2-8,5 (№118)', '159', '7,2', '8,5');
INSERT INTO `controlsamples` VALUES ('60', 'КО МД 168*2,5-2,8 (№129)', '168', '2,5', '2,8');
INSERT INTO `controlsamples` VALUES ('61', 'КО МД 168*3,1-3,4 (№128)', '168', '3,1', '3,4');
INSERT INTO `controlsamples` VALUES ('62', 'КО МД 168*3,9-4,2 (№127)', '168', '3,9', '4,2');
INSERT INTO `controlsamples` VALUES ('63', 'КО МД 168*4,3-5,1 (№169)', '168', '4,3', '5,1');
INSERT INTO `controlsamples` VALUES ('64', 'КО МД 168*4,7-4,9 (№142)', '168', '4,7', '4,9');
INSERT INTO `controlsamples` VALUES ('65', 'КО МД 168*5,4-6,1 (№126)', '168', '5,4', '6,1');
INSERT INTO `controlsamples` VALUES ('66', 'КО МД 168*6,0-7,4 (№143)', '168', '6,0', '7,4');
INSERT INTO `controlsamples` VALUES ('67', 'КО МД 168*6,9-7,7 (№139)', '168', '6,9', '7,7');
INSERT INTO `controlsamples` VALUES ('68', 'КО МД 168*7,3-8,1 (№117)', '168', '7,3', '8,1');
INSERT INTO `controlsamples` VALUES ('69', 'КО МД 219*3,6-4,4 (№168)', '219', '3,6', '4,4');
INSERT INTO `controlsamples` VALUES ('70', 'КО МД 219*4,05-4,95 (№112)', '219', '4,05', '4,95');
INSERT INTO `controlsamples` VALUES ('71', 'КО МД 219*4,2-4,7 (№145)', '219', '4,2', '4,7');
INSERT INTO `controlsamples` VALUES ('72', 'КО МД 219*5,0-5,5 (№111)', '219', '5,0', '5,5');
INSERT INTO `controlsamples` VALUES ('73', 'КО МД 219*5,6-6,1 (№102)', '219', '5,6', '6,1');
INSERT INTO `controlsamples` VALUES ('74', 'КО МД 219*6,2-6,7 (№116)', '219', '6,2', '6,7');
INSERT INTO `controlsamples` VALUES ('75', 'КО МД 219*6,9-8,5 (№148)', '219', '6,9', '8,5');
INSERT INTO `controlsamples` VALUES ('76', 'КО МД17 114,3*3,15-3,85 (№117Р)', '114,3', '3,15', '3,85');
INSERT INTO `controlsamples` VALUES ('77', 'КО МД17 114,3*5,7-6,3 (№104Р)', '114,3', '5,7', '6,3');
INSERT INTO `controlsamples` VALUES ('78', 'КО МД17 133*3,4-4,2 (№118Р)', '133', '3,4', '4,2');
INSERT INTO `controlsamples` VALUES ('79', 'КО МД17 159*4,0-4,9 (№165Р)', '159', '4,0', '4,9');
INSERT INTO `controlsamples` VALUES ('80', 'КО МД17 168*3,65-4,45 (№160Р)', '168', '3,65', '4,45');
INSERT INTO `controlsamples` VALUES ('81', 'КО МД17 168*3,85-4,65 (№163Р)', '168', '3,85', '4,65');
INSERT INTO `controlsamples` VALUES ('82', 'КО МД17 168,3*4,15-5,45 (№187Р)', '168,3', '4,15', '5,45');
INSERT INTO `controlsamples` VALUES ('83', 'КО МД17 168*5,45-6,25 (№162Р)', '168', '5,45', '6,25');
INSERT INTO `controlsamples` VALUES ('84', 'КО МД17 219*3,75-4,55 (№164Р)', '219', '3,75', '4,55');
INSERT INTO `controlsamples` VALUES ('85', 'КО МД17 219*4,35-5,15 (№161Р)', '219', '4,35', '5,15');
INSERT INTO `controlsamples` VALUES ('86', 'КО МД17 219,1*5,25-6,05 (№188Р)', '219,1', '5,25', '6,05');
INSERT INTO `controlsamples` VALUES ('87', 'КО МД17 219,1*6,35 (№103Р)', '219,1', '6,35', '6,35');
INSERT INTO `controlsamples` VALUES ('88', 'КО МД17 219*5,76-7,04 (№189Р)', '219', '5,76', '7,04');
INSERT INTO `controlsamples` VALUES ('89', 'КО МД17 219*6,75-8,1 (№190Р)', '219', '6,75', '8,1');
INSERT INTO `controlsamples` VALUES ('90', 'КО МД17 114,3*5,2-6,3 (№100Р)', '114,3', '5,2', '6,3');
INSERT INTO `controlsamples` VALUES ('91', 'КО МД17 127*3,8-4,2 (№101Р)', '127', '3,8', '4,2');
INSERT INTO `controlsamples` VALUES ('92', 'КО МД17 152*3,8-4,2 (№102Р)', '152', '3,8', '4,2');
INSERT INTO `controlsamples` VALUES ('93', 'КО МД 102*4.5-5.5 (№140)', '102', '4,5', '5,5');
INSERT INTO `defectsdata` VALUES ('9471', '1', '1', '69', 0x000000020202020202020202020202020202020202020202020202000000000000000000000000000000000000000000000000000000000000000000000000000000000000, '2013-12-26', '15:32:34', '50', '1', null);
INSERT INTO `defectsdata` VALUES ('9472', '1', '2', '69', 0x000000000000000000000000000000000000000000000000000000000000000000000000000000000000000000000000000000000000000000000000000000000000000000, '2013-12-26', '15:33:48', '50', '1', null);
INSERT INTO `defectsdata` VALUES ('9473', '1', '3', '68', 0x0000000000000000000000000000000000000000000000000000000000000000000000000000000000000000000000000000000000000000000000000000000000000000, '2013-12-26', '15:35:14', '50', '1', null);
INSERT INTO `defectsdata` VALUES ('9474', '1', '4', '56', 0x0000000000000000000000000000000000000000000000000000000000000000000000000000000000000000000000000000000000000000, '2013-12-26', '15:35:50', '50', '1', null);
INSERT INTO `defectsdata` VALUES ('9475', '1', '5', '74', 0x0000000000000000000000000000000000000000000000000000000000000000000000000000000000000000000000000000000000000000000000000000000000000000000000020202, '2013-12-26', '15:37:27', '50', '1', null);
INSERT INTO `defectsdata` VALUES ('9476', '1', '6', '70', 0x02020202020202020202020202020202020202020202020202020202020202020202020202020202020202020202020202020202020202020202020202020202020202020202, '2013-12-26', '15:37:43', '50', '1', null);
INSERT INTO `defectsdata` VALUES ('9477', '1', '7', '69', 0x020202020202020202020202020202020202020200000000000000000000000000000000000000000000000000000000000000000000000000000000000000000000000000, '2013-12-26', '15:37:56', '50', '1', null);
INSERT INTO `defectsdata` VALUES ('9478', '1', '8', '70', 0x00000000000000000000000000000000000000000000000000000000000000000000000000000000000000000000000000000000000000000000000000000000000000000000, '2013-12-26', '15:38:14', '50', '1', null);
INSERT INTO `defectsdata` VALUES ('9479', '1', '9', '70', 0x00000000000000000000000000000000000000000000000000000000000000000000000000000000000000000000000000000000000000000000000000000000000000000000, '2013-12-26', '15:38:27', '50', '1', null);
INSERT INTO `defectsdata` VALUES ('9480', '1', '10', '70', 0x00000000000000000000000000000000000000000000000000000000000000000000000000000000000000000000000000000000000000000000000000000000000000000000, '2013-12-26', '15:38:40', '50', '1', null);
INSERT INTO `defectsdata` VALUES ('9481', '1', '11', '69', 0x000000000000000000000000000000000000000000000000000000000000000000000000000000000000000000000000000000000000000000000000000000000000000000, '2013-12-26', '15:39:05', '50', '1', null);
INSERT INTO `defectsdata` VALUES ('9482', '1', '12', '69', 0x000000000000000000000000000000000000000000000000000000000000000000000000000000000000000000000000000000000000000000000000000000000000000000, '2014-01-14', '15:58:32', '50', '1', null);
INSERT INTO `defectsdata` VALUES ('9483', '1', '13', '83', 0x0000000000000000000000000000000000000000000000000000000000000000000000000000000000000000000000000000000000000000000000000000000000000000000000000000000000000000000000, '2014-01-23', '09:53:12', '50', '1', null);
INSERT INTO `defectsdata` VALUES ('9484', '1', '14', '125', 0x0000000000000000000000000000000000000000000000000000000000000000000000000000000000000000000000000000000000000000000000000000000000000000000000000000000000000000000000000000000000000000000000000000000000000000000000000000000000000000000000000000000000, '2014-01-23', '11:02:45', '50', '1', null);
INSERT INTO `defectsdata` VALUES ('9485', '1', '15', '70', 0x00000000000000000000000000000000000000000000000000000000000000000002020202020000000002020200000000000202000002020200000000020202000000000000, '2014-01-23', '11:03:01', '50', '1', null);
INSERT INTO `defectsdata` VALUES ('9486', '1', '16', '75', 0x000000000000000000000000000000000000000000000000000000000000000000000000000000000000000000000000000000000000000000000000000000000000000000000000000000, '2014-01-30', '12:41:31', '50', '1', null);
INSERT INTO `defectsdata` VALUES ('9487', '1', '17', '72', 0x000000000000000000000000000000000000000000000000000000000000000000000000000000000000000000000000000000000000000000000000000000000000000000000000, '2014-01-30', '12:42:13', '50', '1', null);
INSERT INTO `defectsdata` VALUES ('9488', '1', '18', '94', 0x00000000000000000000000000000000000000000000000000000000000000000000000000000000000000000000000000000000000000000000000000000000000000000000000000000000000000000000000000000000000000000000, '2014-02-05', '10:41:16', '50', '1', null);
INSERT INTO `defectsdata` VALUES ('9489', '1', '19', '68', 0x0000000000000000000000000000000000000000000000000000000000000000000000000000000000000000000000000000000000020202020202020202020200000000, '2014-02-05', '10:41:35', '50', '1', null);
INSERT INTO `defectsdata` VALUES ('9490', '1', '20', '54', 0x000000000000000000000000000000000000000000000000000000000000000000000000000000000000000000000000000000000000, '2014-03-03', '14:05:31', '50', '1', null);
INSERT INTO `defectsdata` VALUES ('9491', '1', '21', '54', 0x000000000000000000000000000000000000000000000000000000000000000000000000000000000000000000000000000000000000, '2014-03-03', '14:07:40', '50', '1', null);
INSERT INTO `defectsdata` VALUES ('9492', '1', '22', '54', 0x000000000000000000000000000000000000000000000000000000000000000000000000000000000000000000000000000000000000, '2014-03-03', '14:23:56', '50', '1', null);
INSERT INTO `defectsdata` VALUES ('9493', '1', '23', '54', 0x000000000000000000000000000000000000000000000000000000000000000000000000000000000000000000000000000000000000, '2014-03-03', '14:25:21', '50', '1', null);
INSERT INTO `defectsdata` VALUES ('9494', '1', '24', '54', 0x000000000000000000000000000000000000000000000000000000000000000000000000000000000000000000000000000000000000, '2014-03-03', '14:26:17', '50', '1', null);
INSERT INTO `defectsdata` VALUES ('9495', '1', '25', '54', 0x000000000000000000000000000000000000000000000000000000000000000000000000000000000000000000000000000000000000, '2014-03-03', '14:26:20', '50', '1', null);
INSERT INTO `defectsdata` VALUES ('9496', '1', '26', '54', 0x000000000000000000000000000000000000000000000000000000000000000000000000000000000000000000000000000000000000, '2014-03-03', '14:28:33', '50', '1', null);
INSERT INTO `defectsdata` VALUES ('9497', '1', '27', '54', 0x000000000000000000000000000000000000000000000000000000000000000000000000000000000000000000000000000000000000, '2014-03-03', '14:29:21', '50', '1', null);
INSERT INTO `defectsdata` VALUES ('9498', '1', '28', '72', 0x000000000000000000000000000000000000000000000000000000000000000000000000000000000000000000000000000000000000000000000000000000000000000000000000, '2014-03-03', '14:29:25', '50', '1', null);
INSERT INTO `defectsdata` VALUES ('9499', '1', '29', '72', 0x000000000000000000000000000000000000000000000000000000000000000000000000000000000000000000000000000000000000000000000000000000000000000000000000, '2014-03-03', '14:31:50', '50', '1', null);
INSERT INTO `defectsdata` VALUES ('9500', '1', '30', '54', 0x000000000000000000000000000000000000000000000000000000000000000000000000000000000000000000000000000000000000, '2014-03-03', '14:35:57', '50', '1', null);
INSERT INTO `defectsdata` VALUES ('9501', '1', '31', '54', 0x000000000000000000000000000000000000000000000000000000000000000000000000000000000000000000000000000000000000, '2014-03-03', '14:36:00', '50', '1', null);
INSERT INTO `defectsdata` VALUES ('9502', '1', '32', '54', 0x000000000000000000000000000000000000000000000000000000000000000000000000000000000000000000000000000000000000, '2014-03-03', '14:38:14', '50', '1', null);
INSERT INTO `defectsdata` VALUES ('9503', '1', '33', '54', 0x000000000000000000000000000000000000000000000000000000000000000000000000000000000000000000000000000000000000, '2014-03-03', '14:38:16', '50', '1', null);
INSERT INTO `defectsdata` VALUES ('9504', '1', '34', '54', 0x000000000000000000000000000000000000000000000000000000000000000000000000000000000000000000000000000000000000, '2014-03-03', '14:38:38', '50', '1', null);
INSERT INTO `defectsdata` VALUES ('9505', '1', '35', '54', 0x000000000000000000000000000000000000000000000000000000000000000000000000000000000000000000000000000000000000, '2014-03-03', '14:39:06', '50', '1', null);
INSERT INTO `defectsdata` VALUES ('9506', '1', '36', '54', 0x000000000000000000000000000000000000000000000000000000000000000000000000000000000000000000000000000000000000, '2014-03-03', '14:47:37', '50', '1', null);
INSERT INTO `defectsdata` VALUES ('9507', '1', '37', '54', 0x000000000000000000000000000000000000000000000000000000000000000000000000000000000000000000000000000000000000, '2014-03-03', '14:49:03', '50', '1', null);
INSERT INTO `defectsdata` VALUES ('9508', '1', '38', '54', 0x000000000000000000000000000000000000000000000000000000000000000000000000000000000000000000000000000000000000, '2014-03-03', '14:49:15', '50', '1', null);
INSERT INTO `defectsdata` VALUES ('9509', '1', '39', '54', 0x000000000000000000000000000000000000000000000000000000000000000000000000000000000000000000000000000000000000, '2014-03-03', '14:49:36', '50', '1', null);
INSERT INTO `defectsdata` VALUES ('9510', '1', '40', '54', 0x000000000000000000000000000000000000000000000000000000000000000000000000000000000000000000000000000000000000, '2014-03-03', '14:51:07', '50', '1', null);
INSERT INTO `defectsdata` VALUES ('9511', '1', '41', '54', 0x000000000000000000000000000000000000000000000000000000000000000000000000000000000000000000000000000000000000, '2014-03-03', '14:59:34', '50', '1', null);
INSERT INTO `defectsdata` VALUES ('9512', '1', '42', '54', 0x000000000000000000000000000000000000000000000000000000000000000000000000000000000000000000000000000000000000, '2014-03-03', '15:00:18', '50', '1', null);
INSERT INTO `defectsdata` VALUES ('9513', '1', '43', '54', 0x000000000000000000000000000000000000000000000000000000000000000000000000000000000000000000000000000000000000, '2014-03-03', '15:00:21', '50', '1', null);
INSERT INTO `defectsdata` VALUES ('9514', '1', '44', '54', 0x000000000000000000000000000000000000000000000000000000000000000000000000000000000000000000000000000000000000, '2014-03-03', '15:03:28', '50', '1', null);
INSERT INTO `defectsdata` VALUES ('9515', '2', '1', '54', 0x000000000000000000000000000000000000000000000000000000000000000000000000000000000000000000000000000000000000, '2014-03-03', '15:07:21', '50', '1', null);
INSERT INTO `defectsdata` VALUES ('9516', '2', '2', '2', 0x0000, '2014-03-03', '15:10:33', '50', '1', null);
INSERT INTO `defectsdata` VALUES ('9517', '2', '3', '54', 0x000000000000000000000000000000000000000000000000000000000000000000000000000000000000000000000000000000000000, '2014-03-03', '15:13:22', '50', '1', null);
INSERT INTO `defectsdata` VALUES ('9518', '1', '1', '54', 0x000000000000000000000000000000000000000000000000000000000000000000000000000000000000000000000000000000000000, '2014-03-04', '12:36:14', '50', '1', null);
INSERT INTO `defectsdata` VALUES ('9519', '1', '2', '54', 0x000000010101010101010101010101000000000000000000000000000000000000000000000000000000000000000000000000000000, '2014-03-04', '12:37:15', '50', '1', null);
INSERT INTO `defectsdata` VALUES ('9520', '1', '3', '54', 0x000001000000000000010000000001000000000001000000010101010100000000000000000000000000000000000000000000000000, '2014-03-04', '12:40:39', '50', '1', null);
INSERT INTO `defectsdata` VALUES ('9521', '1', '4', '54', 0x000000000000000000000000000000000000000000000000000000000000000000000000000000000000000000000000000000000000, '2014-03-04', '12:47:44', '50', '1', null);
INSERT INTO `defectsdata` VALUES ('9522', '1', '5', '54', 0x010101010101010001010101010100010001010101000101010101010101010000010001010101010001010001010001000101010101, '2014-03-04', '12:50:57', '50', '1', null);
INSERT INTO `defectsdata` VALUES ('9523', '1', '6', '54', 0x010000000000000000000000000000000000000000000000000000000000000000000000000000000000000000000000000000000000, '2014-03-04', '13:04:45', '50', '1', null);
INSERT INTO `defectsdata` VALUES ('9524', '1', '7', '54', 0x000000000000000000000000000000000000000000000000000000000000000000000000000000000000000000000000000000000000, '2014-03-04', '13:09:19', '50', '1', null);
INSERT INTO `defectsdata` VALUES ('9525', '1', '8', '54', 0x000000000000000000000000000000000000000000000000000000000000000000000000000000000000000000000000000000000000, '2014-03-04', '13:11:06', '50', '1', null);
INSERT INTO `defectsdata` VALUES ('9526', '1', '9', '54', 0x000000000000000000000000000000000000000000000001010000000000000000000000000000000000000000000000000000000000, '2014-03-04', '13:11:48', '50', '1', null);
INSERT INTO `defectsdata` VALUES ('9527', '1', '10', '54', 0x000000000000000000000000000000000000000000000000000000000000000000000000000000000000000000000000000000000000, '2014-03-04', '13:12:16', '50', '1', null);
INSERT INTO `defectsdata` VALUES ('9528', '1', '11', '54', 0x000000000000000000000000000000000000000000000000000000000000000000000000000000000000000000000000000000000000, '2014-03-04', '13:13:09', '50', '1', null);
INSERT INTO `defectsdata` VALUES ('9529', '1', '12', '54', 0x000000000000000000000000000000000000000000000000000000000000000000000000000000000000000000000000000000000000, '2014-03-04', '13:13:49', '50', '1', null);
INSERT INTO `defectsdata` VALUES ('9530', '1', '13', '54', 0x000000000000000000000000000000000000000000000000000000000000000000000000000000000000000000000000000000000000, '2014-03-04', '13:14:17', '50', '1', null);
INSERT INTO `defectsdata` VALUES ('9531', '1', '14', '194', 0x000000000000000000000000000000000000000000000000000000000000000000000000000000000000000000000000000000000000000000000000000000000000000000000000000000000000000000000000000000000000000000000000000000000000000000000000000000000000000000000000000000000000000000000000000000000016000000000000000000000000000000000000001E0000009CAB5700000000000000000000000000E805C3000000000026000000CC355A000C, '2014-03-04', '13:14:27', '50', '1', null);
INSERT INTO `defectsdata` VALUES ('9532', '1', '15', '57', 0x000000000000000000000000000000000000000000000000000000000000000000000000000000000000000000000000000000000000000000, '2014-03-04', '13:18:05', '50', '1', null);
INSERT INTO `defectsdata` VALUES ('9533', '1', '16', '57', 0x000000000000000000000000000000000000000000000000000000000000000000000000000000000000000000000000000000000000000000, '2014-03-04', '13:18:47', '50', '1', null);
INSERT INTO `defectsdata` VALUES ('9534', '1', '17', '57', 0x000000000000000000000000000000000000000000000000000000000000000000000000000000000000000000000000000000000000000000, '2014-03-04', '13:19:17', '50', '1', null);
INSERT INTO `defectsdata` VALUES ('9535', '1', '18', '57', 0x000000000000000000000000000000000000000000000000000000000000000000000000000000000000000000000000000000000000000000, '2014-03-04', '13:21:43', '50', '1', null);
INSERT INTO `defectsdata` VALUES ('9536', '1', '19', '57', 0x000000000000000000000000000000000000000000000000000000000000000000000000000000000000000000000000000000000000000000, '2014-03-04', '13:22:24', '50', '1', null);
INSERT INTO `defectsdata` VALUES ('9537', '1', '20', '54', 0x000000000000000000000000000000000000000000000000000000000000000000000000000000000000000000000000000000000000, '2014-03-04', '13:22:32', '50', '1', null);
INSERT INTO `defectsdata` VALUES ('9538', '1', '21', '54', 0x000000000000000000000001010000010001000000000000000000000000000000000000000000000000000000000000000000000000, '2014-03-04', '13:23:12', '50', '1', null);
INSERT INTO `defectsdata` VALUES ('9539', '1', '22', '54', 0x000000000000000000000000000000000000000000000000000000000000000000000000000000000000000000000000000000000000, '2014-03-04', '13:23:40', '50', '1', null);
INSERT INTO `defectsdata` VALUES ('9540', '1', '23', '54', 0x000000000000000000000000000000000000000000000000000000000000000000000000000000000000000000000000000000000000, '2014-03-04', '13:24:08', '50', '1', null);
INSERT INTO `defectsdata` VALUES ('9541', '1', '24', '54', 0x000000000000000000000000000000000000000000000000000000000000000000000000000000000000000000000000000000000000, '2014-03-04', '13:24:35', '50', '1', null);
INSERT INTO `defectsdata` VALUES ('9542', '1', '25', '60', 0x000000000000000000000000000000000000000000000000000000000000000000000000000000000000000000000000000000000000000000000000, '2014-03-04', '13:24:47', '50', '1', null);
INSERT INTO `defectsdata` VALUES ('9543', '1', '26', '60', 0x000000000000000000000000000000000000000000000000000000000000000000000000000000000000000000000000000000000000000000000000, '2014-03-04', '13:25:30', '50', '1', null);
INSERT INTO `defectsdata` VALUES ('9544', '1', '27', '60', 0x000000000000000000000000000001000000010001010001000000000000000000010000000000000000000000010101010000000000000000000001, '2014-03-04', '13:26:00', '50', '1', null);
INSERT INTO `defectsdata` VALUES ('9545', '1', '28', '60', 0x000000000000000000000000000000000000010001010001000000000000000000010000000000000000000000010101010000000000000000000001, '2014-03-04', '13:26:10', '50', '1', null);
INSERT INTO `defectsdata` VALUES ('9546', '1', '29', '57', 0x000000000000000000000000000000000000010001010001000000000000000000000000000000000000000000000000000000000000000000, '2014-03-04', '13:45:39', '50', '1', null);
INSERT INTO `defectsdata` VALUES ('9547', '1', '30', '57', 0x000000000000000000000000000000000000000000000000000000000000000000000000000000000000000000000000000000000000000000, '2014-03-04', '13:45:46', '50', '1', null);
INSERT INTO `defectsdata` VALUES ('9548', '1', '31', '57', 0x000000000000000000000000000000000000000000000000000000000000000000000000000000000000000000000000000000000000000000, '2014-03-04', '13:45:59', '50', '1', null);
INSERT INTO `defectsdata` VALUES ('9549', '1', '32', '57', 0x000000000000000000000000000000000000000000000000000000000000000000000000000000000000000000000000000000000000000000, '2014-03-04', '13:46:06', '50', '1', null);
INSERT INTO `defectsdata` VALUES ('9550', '1', '33', '57', 0x000000000000000000000000000000000000000000000000000000000000000000000000000000000000000000000000000000000000000000, '2014-03-04', '13:46:16', '50', '1', null);
INSERT INTO `defectsdata` VALUES ('9551', '1', '34', '57', 0x000000000000000000000000000000000000000000000000000000000000000000000000000000000000000000000101000101000000000000, '2014-03-04', '13:46:23', '50', '1', null);
INSERT INTO `defectsdata` VALUES ('9552', '1', '35', '57', 0x010000000000000000000100000001000000010000000000000000000000000001000100000000000000000001000000000000000000000000, '2014-03-04', '13:46:30', '50', '1', null);
INSERT INTO `defectsdata` VALUES ('9553', '1', '36', '57', 0x000000000000000000000000000000000000000000000000000000000000000001000100000000000000000001000000000000000000000000, '2014-03-04', '13:47:26', '50', '1', null);
INSERT INTO `defectsdata` VALUES ('9554', '1', '37', '57', 0x010000000000000000000000000000000000000000000000000000000000000000000000000000000000000000000000000000000000000000, '2014-03-04', '13:47:38', '50', '1', null);
INSERT INTO `defectsdata` VALUES ('9555', '1', '38', '57', 0x000000000000000000000000000000000000000000000000000000000000000000000000000000000000000000000000000000000000000000, '2014-03-04', '13:47:53', '50', '1', null);
INSERT INTO `defectsdata` VALUES ('9556', '1', '39', '57', 0x000000000000000000000000000000000000000000000000000000000000010000010000000000000000010001000000000000000000000000, '2014-03-04', '13:47:57', '50', '1', null);
INSERT INTO `defectsdata` VALUES ('9557', '1', '40', '30', 0x000000000000000000000000000000000001000001000000000000000000, '2014-03-04', '13:48:02', '50', '1', null);
INSERT INTO `defectsdata` VALUES ('9558', '1', '41', '30', 0x000000000000000000000000000000000000000000000000000000000000, '2014-03-04', '13:48:06', '50', '1', null);
INSERT INTO `defectsdata` VALUES ('9559', '1', '42', '30', 0x000000000000000000000000000000000000000000000000000000000000, '2014-03-04', '13:48:09', '50', '1', null);
INSERT INTO `defectsdata` VALUES ('9560', '1', '43', '30', 0x000000000000000000000000000000000000000000000000000000000000, '2014-03-04', '13:48:11', '50', '1', null);
INSERT INTO `defectsdata` VALUES ('9561', '1', '44', '30', 0x000000000000000000000000000000000000000000000000000000000000, '2014-03-04', '13:48:14', '50', '1', null);
INSERT INTO `defectsdata` VALUES ('9562', '1', '45', '30', 0x000000000000000000000000000000000000000000000000000000000000, '2014-03-04', '13:48:16', '50', '1', null);
INSERT INTO `defectsdata` VALUES ('9563', '1', '46', '30', 0x000000000000000000000000000000000000000000000000000000000000, '2014-03-04', '13:48:18', '50', '1', null);
INSERT INTO `defectsdata` VALUES ('9564', '1', '47', '30', 0x000000000000000000000000000000000000000000000000000000000000, '2014-03-04', '13:48:20', '50', '1', null);
INSERT INTO `defectsdata` VALUES ('9565', '1', '48', '30', 0x000000000000000000000000000000000000000000000000000000000000, '2014-03-04', '13:48:22', '50', '1', null);
INSERT INTO `defectsdata` VALUES ('9566', '1', '49', '30', 0x000000000000000000000000000000000000000000000000000000000000, '2014-03-04', '13:48:24', '50', '1', null);
INSERT INTO `defectsdata` VALUES ('9567', '1', '50', '30', 0x000000000000000000000000000000000000000000000000000000000000, '2014-03-04', '13:48:26', '50', '1', null);
INSERT INTO `defectsdata` VALUES ('9568', '1', '51', '30', 0x000000000000000000000000000000000000000000000000000000000000, '2014-03-04', '13:48:28', '50', '1', null);
INSERT INTO `defectsdata` VALUES ('9569', '1', '52', '30', 0x000000000000000000000000000000000000000000000000000000000000, '2014-03-04', '13:48:31', '50', '1', null);
INSERT INTO `defectsdata` VALUES ('9570', '1', '53', '30', 0x000000000000000000000000000000000000000000000000000000000000, '2014-03-04', '13:48:33', '50', '1', null);
INSERT INTO `defectsdata` VALUES ('9571', '1', '54', '30', 0x000000000000000000000000000000000000000000000000000000000000, '2014-03-04', '13:48:35', '50', '1', null);
INSERT INTO `defectsdata` VALUES ('9572', '1', '55', '30', 0x000000000000000000000000000000000000000000000000000000000000, '2014-03-04', '13:48:37', '50', '1', null);
INSERT INTO `defectsdata` VALUES ('9573', '1', '56', '30', 0x000000000000000000000000000000000000000000000000000000000000, '2014-03-04', '13:48:39', '50', '1', null);
INSERT INTO `defectsdata` VALUES ('9574', '1', '57', '30', 0x000000000000000000000000000000000000000000000000000000000000, '2014-03-04', '13:48:42', '50', '1', null);
INSERT INTO `defectsdata` VALUES ('9575', '1', '58', '30', 0x000000000000000000000000000000000000000100000000000000000000, '2014-03-04', '13:48:44', '50', '1', null);
INSERT INTO `defectsdata` VALUES ('9576', '1', '59', '30', 0x010000000000000000000000000000010001000000000000000000000000, '2014-03-04', '13:48:46', '50', '1', null);
INSERT INTO `defectsdata` VALUES ('9577', '1', '60', '30', 0x000000000000000000000000010000000000000100000000000000000000, '2014-03-04', '13:48:48', '50', '1', null);
INSERT INTO `defectsdata` VALUES ('9578', '1', '61', '30', 0x000000000000000000000100000001000000000000000000010000000000, '2014-03-04', '13:48:51', '50', '1', null);
INSERT INTO `defectsdata` VALUES ('9579', '1', '62', '30', 0x000000000000000000000001000000000001000000000000000000000100, '2014-03-04', '13:48:53', '50', '1', null);
INSERT INTO `defectsdata` VALUES ('9580', '1', '63', '30', 0x000000000000000000000000000000000001000001000000000000000000, '2014-03-04', '13:48:55', '50', '1', null);
INSERT INTO `defectsdata` VALUES ('9581', '1', '64', '30', 0x000000000000000001000001000100000100010001000001000100010000, '2014-03-04', '13:48:57', '50', '1', null);
INSERT INTO `defectsdata` VALUES ('9582', '1', '65', '30', 0x010100000000000000010001000001000100010000010001000100010001, '2014-03-04', '13:48:59', '50', '1', null);
INSERT INTO `defectsdata` VALUES ('9583', '1', '66', '30', 0x000100010001000100010000010001000100000101000001000100000101, '2014-03-04', '13:49:01', '50', '1', null);
INSERT INTO `defectsdata` VALUES ('9584', '1', '67', '30', 0x010001000001000100000100010000000000000000000000000000000000, '2014-03-04', '13:49:03', '50', '1', null);
INSERT INTO `defectsdata` VALUES ('9585', '1', '68', '30', 0x000000000000000000000000000000000000000101010000000101010001, '2014-03-04', '13:49:09', '50', '1', null);
INSERT INTO `defectsdata` VALUES ('9586', '1', '69', '30', 0x010000010101000000000000000000000000000000000000000000000000, '2014-03-04', '13:49:24', '50', '1', null);
INSERT INTO `defectsdata` VALUES ('9587', '1', '70', '60', 0x000000010101000000000000000000000000000000000000000000000000010000010000000000000000010001000000000000000000000000000001, '2014-03-04', '13:49:25', '50', '1', null);
INSERT INTO `defectsdata` VALUES ('9588', '1', '71', '60', 0x010000000000000000000000000000000000000000000000000000000000000000000000000000000000000000000000000000000000000000000000, '2014-03-04', '13:49:32', '50', '1', null);
INSERT INTO `defectsdata` VALUES ('9589', '1', '72', '60', 0x000000000000000000000000000000000000000000000000000000000000000000000000000000000000000000000000000000000000000000000000, '2014-03-04', '13:49:36', '50', '1', null);
INSERT INTO `defectsdata` VALUES ('9590', '1', '73', '60', 0x000000000000000000000000000000000000000000000000000000000000000000000000000000000000000000000000000000000000000000000000, '2014-03-04', '13:49:41', '50', '1', null);
INSERT INTO `defectsdata` VALUES ('9591', '1', '74', '60', 0x000000000000000000000000000000000000000000000000000000000000000000000000000000000000000000000000000000000000000000000000, '2014-03-04', '13:49:45', '50', '1', null);
INSERT INTO `defectsdata` VALUES ('9592', '1', '75', '60', 0x000000000000000000000000000000000000000000000000000000000000000000000000000000000000000000000000000000000000000000000000, '2014-03-04', '13:49:49', '50', '1', null);
INSERT INTO `defectsdata` VALUES ('9593', '1', '76', '60', 0x000000000000000000000000000000000000000000000000000000000000000000000000000000000000000000000000000000000000000000000000, '2014-03-04', '13:49:53', '50', '1', null);
INSERT INTO `defectsdata` VALUES ('9594', '1', '77', '60', 0x000000000000000000000000000000000000000000000000000000000000000000000000000000000000000000000000000000000000000000000000, '2014-03-04', '13:49:58', '50', '1', null);
INSERT INTO `defectsdata` VALUES ('9595', '1', '78', '60', 0x000000000000000000000000000000000000000000000000000000000000000000000000000000000000000000000000000000000000000000000000, '2014-03-04', '13:50:02', '50', '1', null);
INSERT INTO `defectsdata` VALUES ('9596', '1', '79', '60', 0x000000000000000000000000000000000000000000000000000000000000000000000000000000000000000000000000000000000000000000000000, '2014-03-04', '13:50:06', '50', '1', null);
INSERT INTO `defectsdata` VALUES ('9597', '1', '80', '57', 0x000000000000000000000000000000000000000000000000000000000000000000000000000000000000000000000000000000000000000000, '2014-03-04', '13:50:47', '50', '1', null);
INSERT INTO `defectsdata` VALUES ('9598', '1', '81', '57', 0x000000000000000000000000000000000000000000000000000000000000000000000000000000000000000000000000000000000000000000, '2014-03-04', '13:51:03', '50', '1', null);
INSERT INTO `defectsdata` VALUES ('9599', '1', '82', '57', 0x000000000000000000000000000000000000000000000000000000000000000000000000000000000000000000000000000000000000000000, '2014-03-04', '13:51:07', '50', '1', null);
INSERT INTO `defectsdata` VALUES ('9600', '1', '83', '57', 0x000000000000000000000000000000000000000000000000000000000000000000000000000000000000000000000000000000000000000000, '2014-03-04', '13:51:07', '50', '1', null);
INSERT INTO `defectsdata` VALUES ('9601', '1', '84', '57', 0x000000000000000000000000000000000000000000000000000000000000000000000000000000000000000000000000000000000000000000, '2014-03-04', '13:58:37', '50', '1', null);
INSERT INTO `defectsdata` VALUES ('9602', '1', '85', '57', 0x000000000000000000000000000000000000000000000000000000000000000000000000000000000000000000000000000000000000000000, '2014-03-04', '13:58:51', '50', '1', null);
INSERT INTO `defectsdata` VALUES ('9603', '1', '86', '57', 0x000000000000000000000000000000000000000000000000000000000000000000000000000000000000000000000000000000000000000000, '2014-03-04', '13:58:55', '50', '1', null);
INSERT INTO `defectsdata` VALUES ('9604', '1', '87', '57', 0x000000000000000000000000000000000000000000000000000000000000000000000000000000000000000000000000000000000000000000, '2014-03-04', '13:58:59', '50', '1', null);
INSERT INTO `defectsdata` VALUES ('9605', '1', '88', '57', 0x000000000000000000000000000000000000000000000000000000000000000000000000000000000000000000000000000000000000000000, '2014-03-04', '13:59:03', '50', '1', null);
INSERT INTO `defectsdata` VALUES ('9606', '1', '89', '57', 0x000000000000000000000000000000000000000000000000000000000000000000000000000000000000000000000000000001000000000000, '2014-03-04', '13:59:07', '50', '1', null);
INSERT INTO `defectsdata` VALUES ('9607', '1', '90', '57', 0x000001000000000000000100010000010001000000000000000000000000000100000100000000000000000000000000000000000000000000, '2014-03-04', '13:59:11', '50', '1', null);
INSERT INTO `defectsdata` VALUES ('9608', '1', '91', '57', 0x000000000000000000000100000001000000010001000000000100010000000000000000000000000000000000000000000000000000000000, '2014-03-04', '13:59:15', '50', '1', null);
INSERT INTO `defectsdata` VALUES ('9609', '1', '92', '54', 0x000000000000000000000000000000000000000000000000000000010000000000000000000000000000000000000000000000000000, '2014-03-04', '13:59:19', '50', '1', null);
INSERT INTO `defectsdata` VALUES ('9610', '1', '93', '54', 0x000000000000000000000000000000000000000000000000000000000000000000000000000000000000000000000000000000000000, '2014-03-04', '13:59:37', '50', '1', null);
INSERT INTO `defectsdata` VALUES ('9611', '1', '94', '54', 0x000000000000000000000000000000000000000000000000000000000000000000000000000000000000000000000000000000000000, '2014-03-04', '13:59:41', '50', '1', null);
INSERT INTO `defectsdata` VALUES ('9612', '1', '95', '54', 0x000000000000000000000000000000000000000000000000000000000000000000000000000000000000000000000000000000000000, '2014-03-04', '13:59:45', '50', '1', null);
INSERT INTO `defectsdata` VALUES ('9613', '1', '96', '54', 0x000000000000000000000000000000000000000000000000000000000000000000000000000000000000000000000000000000000000, '2014-03-04', '13:59:49', '50', '1', null);
INSERT INTO `defectsdata` VALUES ('9614', '1', '97', '54', 0x000000000000000000000000000000000000000000000000000000000000000000000000000000000000000000000000000000000000, '2014-03-04', '13:59:53', '50', '1', null);
INSERT INTO `defectsdata` VALUES ('9615', '1', '98', '54', 0x000000000000000000000000000000000000000000000000000000000000000000000000000000000000000000000000000000000000, '2014-03-04', '13:59:57', '50', '1', null);
INSERT INTO `defectsdata` VALUES ('9616', '1', '99', '54', 0x000000000000000000000000000000000000000000000000000000000000000000000000000000000000000000000000000000000000, '2014-03-04', '14:00:01', '50', '1', null);
INSERT INTO `defectsdata` VALUES ('9617', '1', '100', '54', 0x000000000000000000000000000000000000000000000000000000000000000000000000000000000000000000000000000000000000, '2014-03-04', '14:00:05', '50', '1', null);
INSERT INTO `defectsdata` VALUES ('9618', '1', '101', '54', 0x000000000000000000000000000000000000000000000000000000000000000000000000000000000000000000000000000000000000, '2014-03-04', '14:00:08', '50', '1', null);
INSERT INTO `defectsdata` VALUES ('9619', '1', '102', '57', 0x000000000000000000000000000000000000000000000000000000000000000000000000000000000000000000000000000000000000000000, '2014-03-04', '14:09:33', '50', '1', null);
INSERT INTO `defectsdata` VALUES ('9620', '1', '103', '57', 0x000000000000000000000001000101000000010000000000000000000000000100000000000000000000000000000000000000000000000000, '2014-03-04', '14:10:12', '50', '1', null);
INSERT INTO `defectsdata` VALUES ('9621', '1', '104', '57', 0x000000000000000000000100000000010000000000000000000000000000000000000000000000000000000000000000000000000000000000, '2014-03-04', '14:10:31', '50', '1', null);
INSERT INTO `defectsdata` VALUES ('9622', '1', '105', '57', 0x000000000000000000000000000000000000000000000000000000000000000000000000000000000000000000000000000000000000000000, '2014-03-04', '14:10:37', '50', '1', null);
INSERT INTO `defectsdata` VALUES ('9623', '1', '106', '57', 0x000000000000000000000000000000000000000000000000000000000000000000000000000000000000000000000000000000000000000000, '2014-03-04', '14:10:43', '50', '1', null);
INSERT INTO `defectsdata` VALUES ('9624', '1', '107', '57', 0x000000000000000000000000000000000000000000000000000000000000000000000000000000000000000000000000000000000000000000, '2014-03-04', '14:10:51', '50', '1', null);
INSERT INTO `defectsdata` VALUES ('9625', '1', '108', '57', 0x000000000000000000000000000000000000000000000000000000000000000000000000000000000000000000000000000000000000000000, '2014-03-04', '14:10:55', '50', '1', null);
INSERT INTO `defectsdata` VALUES ('9626', '1', '109', '57', 0x000000000000000000000001000000010000000100000000000000000000000000000000000000000000000000000000000000000000000000, '2014-03-04', '14:10:59', '50', '1', null);
INSERT INTO `defectsdata` VALUES ('9627', '1', '110', '57', 0x000000000000000000000000000000000000000000000000000000000000000000000000000000000000000000000000000000000000000000, '2014-03-04', '14:11:03', '50', '1', null);
INSERT INTO `defectsdata` VALUES ('9628', '1', '111', '57', 0x000000000000000000000000000000000000000000000000000000000000000000000000000000000000000000000000000000000000000000, '2014-03-04', '14:13:51', '50', '1', null);
INSERT INTO `defectsdata` VALUES ('9629', '1', '112', '57', 0x000000000000000000000000000000000000000000000000000000000000000000000000000000000000000000000000000000000000000000, '2014-03-04', '14:13:54', '50', '1', null);
INSERT INTO `defectsdata` VALUES ('9630', '1', '113', '60', 0x000000000000000000000000000000000000000000000000000000000000000000000000000000000000000000000000000000000000000000000000, '2014-03-04', '14:13:58', '50', '1', null);
INSERT INTO `defectsdata` VALUES ('9631', '1', '114', '60', 0x000000000000000000000000000000000000000000000000000000000000000000000000000000000000000000000000000000000000000000000000, '2014-03-04', '14:14:04', '50', '1', null);
INSERT INTO `defectsdata` VALUES ('9632', '1', '115', '60', 0x000000000000000000000000000000000000000000000000000000000000000000000000000000000000000000000000000000000000000000000000, '2014-03-04', '14:14:08', '50', '1', null);
INSERT INTO `defectsdata` VALUES ('9633', '1', '116', '60', 0x000000000000000000000000000000000000000000000000000000000000000000000000000000000000000000000000000000000000000000000000, '2014-03-04', '14:14:12', '50', '1', null);
INSERT INTO `defectsdata` VALUES ('9634', '1', '117', '60', 0x000000000000000000000000000000000000000000000000000000000000000000000000000000000000000000000000000000000000000000000000, '2014-03-04', '14:14:17', '50', '1', null);
INSERT INTO `defectsdata` VALUES ('9635', '1', '118', '60', 0x000000000000000000000000000000000000000000000000000000000000000000000000000000000000000000000000000000000000000000000000, '2014-03-04', '14:14:21', '50', '1', null);
INSERT INTO `defectsdata` VALUES ('9636', '1', '119', '60', 0x000000000000000000000000000000000000000000000000000000000000000000000000000000000000000000000000000000000000000000000000, '2014-03-04', '14:14:25', '50', '1', null);
INSERT INTO `defectsdata` VALUES ('9637', '1', '120', '60', 0x000000000000000000000000000000000000000000000000000000000000000000000000000000000000000000000000000000000000000000000000, '2014-03-04', '14:14:30', '50', '1', null);
INSERT INTO `defectsdata` VALUES ('9638', '1', '121', '60', 0x000000000000000000000000000000000000000000000000000000000000000000000000000000000000000000000000000000000000000000000000, '2014-03-04', '14:14:34', '50', '1', null);
INSERT INTO `defectsdata` VALUES ('9639', '1', '122', '60', 0x000000000000000000000000000000000000000000000000000000000000000000000000000000000000000000000000000000000000000000000000, '2014-03-04', '14:15:04', '50', '1', null);
INSERT INTO `defectsdata` VALUES ('9640', '1', '123', '57', 0x000000000000000000000000000000000000000000000000000000000000000000000000000000000000000000000000000000000000000000, '2014-03-06', '14:28:56', '50', '1', null);
INSERT INTO `defectsdata` VALUES ('9641', '1', '124', '57', 0x010000000000000000010000000000000000000000000000000000000000000000000000000000000000000000000000000000000000000000, '2014-03-06', '14:29:05', '50', '1', null);
INSERT INTO `defectsdata` VALUES ('9642', '1', '125', '57', 0x000000000000000000000000000000000000000000000000000000000000000000000000000000000000000000000000000000000000000000, '2014-03-06', '14:29:22', '50', '1', null);
INSERT INTO `defectsdata` VALUES ('9643', '1', '126', '57', 0x000000000000000000000000000000000000000000000000000000000000000000000000000000000000000000000000000000000000000000, '2014-03-06', '14:29:26', '50', '1', null);
INSERT INTO `defectsdata` VALUES ('9644', '1', '127', '57', 0x000000000000000000000000000000000000000000000000000000000000000000000000000000000000000000000000000000000000000000, '2014-03-06', '14:29:43', '50', '1', null);
INSERT INTO `defectsdata` VALUES ('9645', '1', '128', '57', 0x000000000000000000000000000000000000000000000000000000000000000000000000000000000000000000000000000000000000000000, '2014-03-06', '14:29:49', '50', '1', null);
INSERT INTO `defectsdata` VALUES ('9646', '1', '129', '57', 0x000000000000000000000000000000000000000000000000000000000000000000000000000000000000000000000000000000000000000000, '2014-03-06', '14:29:52', '50', '1', null);
INSERT INTO `defectsdata` VALUES ('9647', '1', '130', '57', 0x000000000000000000000000000000000000000000000000000000000000000000000000000000000000000000000000000000000000000000, '2014-03-06', '14:29:56', '50', '1', null);
INSERT INTO `defectsdata` VALUES ('9648', '2', '1', '57', 0x000000000000000000000000000000000000000000000000000000000000000000000000000000000000000000000000000000000000000000, '2014-03-06', '14:30:05', '50', '1', null);
INSERT INTO `defectsdata` VALUES ('9649', '2', '2', '57', 0x000000000000000000000000000000000000000000000000000000000000000000000000000000000000000000000000000000000000000000, '2014-03-06', '14:30:11', '50', '1', null);
INSERT INTO `defectsdata` VALUES ('9650', '2', '3', '57', 0x000000000000000000000000000000000000000000000000000000000000000000000000000000000000000000000000000000000000000000, '2014-03-06', '14:30:15', '50', '1', null);
INSERT INTO `defectsdata` VALUES ('9651', '1', '4', '1', 0x00, '2014-03-17', '14:40:09', '50', '1', '0');
INSERT INTO `defectsdata` VALUES ('9652', '1', '5', '30', 0x000000000000000000000000000000000000000000000000000000000000, '2014-03-17', '14:40:47', '50', '1', '0');
INSERT INTO `defectsdata` VALUES ('9653', '1', '6', '30', 0x000001000000000000000000000000000000000000000000000000000000, '2014-03-17', '14:40:59', '50', '1', '1');
INSERT INTO `defectsdata` VALUES ('9654', '1', '7', '30', 0x000001000000000000000000000000000000000000000000000000000000, '2014-03-17', '14:41:06', '50', '1', '1');
INSERT INTO `defectsdata` VALUES ('9655', '1', '8', '30', 0x000000000000000000000000000000000000000000000000000000000000, '2014-03-17', '14:41:13', '50', '1', '0');
INSERT INTO `defectsdata` VALUES ('9656', '1', '9', '30', 0x000000000000000000000101010000000000000000000000000000000000, '2014-03-17', '15:16:46', '50', '1', '1');
INSERT INTO `defectsdata` VALUES ('9657', '1', '10', '30', 0x000000000000000000000000000000000000000000000000000000000000, '2014-03-17', '15:17:51', '50', '1', '0');
INSERT INTO `defectsdata` VALUES ('9658', '1', '11', '30', 0x000000000000000000000000000000000000000000000000000000000000, '2014-03-17', '15:18:04', '50', '1', '0');
INSERT INTO `defectsdata` VALUES ('9659', '1', '12', '30', 0x000000000001010000000000000000000000000000000000000000000000, '2014-03-17', '15:18:11', '50', '1', '1');
INSERT INTO `device` VALUES ('1', 'МД-32', 'a', '5');
INSERT INTO `device` VALUES ('3', 'Krautkramer', null, null);
INSERT INTO `gosts` VALUES ('1', 'ГОСТ 10705-80 \"Трубы стальные электросварные\"');
INSERT INTO `gosts` VALUES ('2', 'ГОСТ 20295-85 \"Трубы стальные сварные для магистральных газонефтепроводов\"');
INSERT INTO `gosts` VALUES ('3', 'ГОСТ 3262-75 \"Трубы стальные водогазопроводные\"');
INSERT INTO `gosts` VALUES ('4', 'ТУ 14-162-43-98 \"Трубы стальные электросварные из низколегированных сталей\"');
INSERT INTO `gosts` VALUES ('5', 'ТУ-14-162-90-2004 \"Трубы стальные прямошовные диаметром 114-219 мм специального назначения, предназначенные для нанесения защитного покрытия\"');
INSERT INTO `gosts` VALUES ('6', 'ГОСТ 30245-2003 \"Профили стальные гнутые замкнутые сварные квадратные и прямоугольные для строительных конструкций\"');
INSERT INTO `gosts` VALUES ('7', 'DIN 1626-84 \"Сварные трубы круглого сечения из нелегированных сталей особого назначения\"');
INSERT INTO `gosts` VALUES ('8', 'DIN EN 10208-1-2009 \"Стальные трубы трубопроводов для горючих материалов\"');
INSERT INTO `gosts` VALUES ('9', 'DIN EN 10217-1:2002+A1:2005 \"Трубы стальные сварные, предназначенные для эксплуатации под давлением\"');
INSERT INTO `gosts` VALUES ('10', 'ASTM A53/A53M-2012 \"Стальные, неоцинкованные и оцинкованные горячим способом сварные и бесшовные трубы\"');
INSERT INTO `indexes` VALUES ('9471', '1', '9471', '3', '1', '1', '1', '1', '4', '13', '1', '8', '1');
INSERT INTO `indexes` VALUES ('9472', '1', '9472', '3', '1', '1', '1', '1', '4', '13', '1', '8', '1');
INSERT INTO `indexes` VALUES ('9473', '1', '9473', '3', '1', '1', '1', '1', '4', '13', '1', '8', '1');
INSERT INTO `indexes` VALUES ('9474', '1', '9474', '3', '1', '1', '1', '1', '4', '13', '1', '8', '1');
INSERT INTO `indexes` VALUES ('9475', '1', '9475', '3', '1', '1', '1', '1', '4', '13', '1', '8', '1');
INSERT INTO `indexes` VALUES ('9476', '1', '9476', '3', '1', '1', '1', '1', '4', '13', '1', '8', '1');
INSERT INTO `indexes` VALUES ('9477', '1', '9477', '3', '1', '1', '1', '1', '4', '13', '1', '8', '1');
INSERT INTO `indexes` VALUES ('9478', '1', '9478', '3', '1', '1', '1', '1', '4', '13', '1', '8', '1');
INSERT INTO `indexes` VALUES ('9479', '1', '9479', '3', '1', '1', '1', '1', '4', '13', '1', '8', '1');
INSERT INTO `indexes` VALUES ('9480', '1', '9480', '3', '1', '1', '1', '1', '4', '13', '1', '8', '1');
INSERT INTO `indexes` VALUES ('9481', '1', '9481', '3', '1', '1', '1', '1', '4', '13', '1', '8', '1');
INSERT INTO `indexes` VALUES ('9482', '1', '9482', '3', '1', '1', '1', '1', '4', '30', '1', '1', '1');
INSERT INTO `indexes` VALUES ('9483', '1', '9483', '3', '1', '2', '1', '1', '4', '23', '1', '1', '1');
INSERT INTO `indexes` VALUES ('9484', '1', '9484', '3', '1', '2', '1', '1', '4', '23', '1', '1', '1');
INSERT INTO `indexes` VALUES ('9485', '1', '9485', '3', '1', '2', '1', '1', '4', '23', '1', '1', '1');
INSERT INTO `indexes` VALUES ('9486', '1', '9486', '6', '1', '14', '1', '1', '4', '17', '1', '1', '1');
INSERT INTO `indexes` VALUES ('9487', '1', '9487', '6', '1', '14', '1', '1', '4', '17', '1', '1', '1');
INSERT INTO `indexes` VALUES ('9488', '1', '9488', '11', '2', '40', '1', '1', '25', '25', '1', '1', '1');
INSERT INTO `indexes` VALUES ('9489', '1', '9489', '11', '2', '40', '1', '1', '25', '25', '1', '1', '1');
INSERT INTO `indexes` VALUES ('9490', '1', '9490', '3', '1', '1', '1', '1', '4', '4', '1', '25', '1');
INSERT INTO `indexes` VALUES ('9491', '1', '9491', '3', '1', '1', '1', '1', '4', '4', '1', '25', '1');
INSERT INTO `indexes` VALUES ('9492', '1', '9492', '3', '1', '1', '2', '1', '17', '25', '1', '23', '1');
INSERT INTO `indexes` VALUES ('9493', '1', '9493', '3', '1', '1', '2', '1', '17', '25', '1', '23', '1');
INSERT INTO `indexes` VALUES ('9494', '1', '9494', '3', '1', '1', '2', '1', '17', '25', '1', '23', '1');
INSERT INTO `indexes` VALUES ('9495', '1', '9495', '3', '1', '1', '2', '1', '17', '25', '1', '23', '1');
INSERT INTO `indexes` VALUES ('9496', '1', '9496', '3', '1', '1', '2', '1', '17', '25', '1', '23', '1');
INSERT INTO `indexes` VALUES ('9497', '1', '9497', '3', '1', '1', '2', '1', '17', '25', '1', '23', '1');
INSERT INTO `indexes` VALUES ('9498', '1', '9498', '3', '1', '1', '2', '1', '17', '25', '1', '23', '1');
INSERT INTO `indexes` VALUES ('9499', '1', '9499', '3', '1', '1', '2', '1', '17', '25', '1', '23', '1');
INSERT INTO `indexes` VALUES ('9500', '1', '9500', '3', '1', '1', '2', '1', '17', '25', '1', '23', '1');
INSERT INTO `indexes` VALUES ('9501', '1', '9501', '3', '1', '1', '2', '1', '17', '25', '1', '23', '1');
INSERT INTO `indexes` VALUES ('9502', '1', '9502', '3', '1', '1', '2', '1', '17', '25', '1', '23', '1');
INSERT INTO `indexes` VALUES ('9503', '1', '9503', '3', '1', '1', '2', '1', '17', '25', '1', '23', '1');
INSERT INTO `indexes` VALUES ('9504', '1', '9504', '3', '1', '1', '2', '1', '17', '25', '1', '23', '1');
INSERT INTO `indexes` VALUES ('9505', '1', '9505', '3', '1', '1', '2', '1', '17', '25', '1', '23', '1');
INSERT INTO `indexes` VALUES ('9506', '1', '9506', '3', '1', '1', '2', '1', '17', '25', '1', '23', '1');
INSERT INTO `indexes` VALUES ('9507', '1', '9507', '3', '1', '1', '2', '1', '17', '25', '1', '23', '1');
INSERT INTO `indexes` VALUES ('9508', '1', '9508', '3', '1', '1', '2', '1', '17', '25', '1', '23', '1');
INSERT INTO `indexes` VALUES ('9509', '1', '9509', '3', '1', '1', '2', '1', '17', '25', '1', '23', '1');
INSERT INTO `indexes` VALUES ('9510', '1', '9510', '3', '1', '1', '2', '1', '17', '25', '1', '23', '1');
INSERT INTO `indexes` VALUES ('9511', '1', '9511', '3', '1', '1', '2', '1', '17', '25', '1', '23', '1');
INSERT INTO `indexes` VALUES ('9512', '1', '9512', '3', '1', '1', '2', '1', '17', '25', '1', '23', '1');
INSERT INTO `indexes` VALUES ('9513', '1', '9513', '3', '1', '1', '2', '1', '17', '25', '1', '23', '1');
INSERT INTO `indexes` VALUES ('9514', '1', '9514', '3', '1', '1', '2', '1', '17', '25', '1', '23', '1');
INSERT INTO `indexes` VALUES ('9515', '1', '9515', '5', '1', '12', '2', '1', '25', '32', '1', '23', '2');
INSERT INTO `indexes` VALUES ('9516', '1', '9516', '5', '1', '12', '2', '1', '25', '32', '1', '23', '2');
INSERT INTO `indexes` VALUES ('9517', '1', '9517', '5', '1', '12', '2', '1', '25', '32', '1', '23', '2');
INSERT INTO `indexes` VALUES ('9518', '1', '9518', '11', '2', '40', '4', '1', '25', '4', '1', '66', '1');
INSERT INTO `indexes` VALUES ('9519', '1', '9519', '11', '2', '40', '4', '1', '25', '4', '1', '66', '1');
INSERT INTO `indexes` VALUES ('9520', '1', '9520', '11', '2', '40', '4', '1', '25', '4', '1', '66', '1');
INSERT INTO `indexes` VALUES ('9521', '1', '9521', '11', '2', '40', '4', '1', '25', '4', '1', '66', '1');
INSERT INTO `indexes` VALUES ('9522', '1', '9522', '11', '2', '40', '2', '1', '25', '4', '1', '66', '1');
INSERT INTO `indexes` VALUES ('9523', '1', '9523', '11', '2', '40', '2', '1', '25', '4', '1', '66', '1');
INSERT INTO `indexes` VALUES ('9524', '1', '9524', '11', '2', '40', '2', '1', '25', '4', '1', '66', '1');
INSERT INTO `indexes` VALUES ('9525', '1', '9525', '11', '2', '40', '2', '1', '25', '4', '1', '66', '1');
INSERT INTO `indexes` VALUES ('9526', '1', '9526', '11', '2', '40', '2', '1', '25', '4', '1', '66', '1');
INSERT INTO `indexes` VALUES ('9527', '1', '9527', '11', '2', '40', '2', '1', '25', '4', '1', '66', '1');
INSERT INTO `indexes` VALUES ('9528', '1', '9528', '11', '2', '40', '2', '1', '25', '4', '1', '66', '1');
INSERT INTO `indexes` VALUES ('9529', '1', '9529', '11', '2', '40', '2', '1', '25', '4', '1', '66', '1');
INSERT INTO `indexes` VALUES ('9530', '1', '9530', '11', '2', '40', '2', '1', '25', '4', '1', '66', '1');
INSERT INTO `indexes` VALUES ('9531', '1', '9531', '11', '2', '40', '2', '1', '25', '4', '1', '66', '1');
INSERT INTO `indexes` VALUES ('9532', '1', '9532', '11', '2', '40', '2', '1', '25', '4', '1', '66', '1');
INSERT INTO `indexes` VALUES ('9533', '1', '9533', '11', '2', '40', '2', '1', '25', '4', '1', '66', '1');
INSERT INTO `indexes` VALUES ('9534', '1', '9534', '11', '2', '40', '2', '1', '25', '4', '1', '66', '1');
INSERT INTO `indexes` VALUES ('9535', '1', '9535', '11', '2', '40', '2', '1', '25', '4', '1', '66', '1');
INSERT INTO `indexes` VALUES ('9536', '1', '9536', '11', '2', '40', '2', '1', '25', '4', '1', '66', '1');
INSERT INTO `indexes` VALUES ('9537', '1', '9537', '11', '2', '40', '2', '1', '25', '4', '1', '66', '1');
INSERT INTO `indexes` VALUES ('9538', '1', '9538', '11', '2', '40', '2', '1', '25', '4', '1', '66', '1');
INSERT INTO `indexes` VALUES ('9539', '1', '9539', '11', '2', '40', '2', '1', '25', '4', '1', '66', '1');
INSERT INTO `indexes` VALUES ('9540', '1', '9540', '11', '2', '40', '2', '1', '25', '4', '1', '66', '1');
INSERT INTO `indexes` VALUES ('9541', '1', '9541', '11', '2', '40', '2', '1', '25', '4', '1', '66', '1');
INSERT INTO `indexes` VALUES ('9542', '1', '9542', '11', '2', '40', '2', '1', '25', '4', '1', '66', '1');
INSERT INTO `indexes` VALUES ('9543', '1', '9543', '11', '2', '40', '2', '1', '25', '4', '1', '66', '1');
INSERT INTO `indexes` VALUES ('9544', '1', '9544', '11', '2', '40', '2', '1', '25', '4', '1', '66', '1');
INSERT INTO `indexes` VALUES ('9545', '1', '9545', '11', '2', '40', '2', '1', '25', '4', '1', '66', '1');
INSERT INTO `indexes` VALUES ('9546', '1', '9546', '11', '2', '40', '1', '1', '25', '4', '1', '66', '1');
INSERT INTO `indexes` VALUES ('9547', '1', '9547', '11', '2', '40', '1', '1', '25', '4', '1', '66', '1');
INSERT INTO `indexes` VALUES ('9548', '1', '9548', '11', '2', '40', '1', '1', '25', '4', '1', '66', '1');
INSERT INTO `indexes` VALUES ('9549', '1', '9549', '11', '2', '40', '1', '1', '25', '4', '1', '66', '1');
INSERT INTO `indexes` VALUES ('9550', '1', '9550', '11', '2', '40', '1', '1', '25', '4', '1', '66', '1');
INSERT INTO `indexes` VALUES ('9551', '1', '9551', '11', '2', '40', '1', '1', '25', '4', '1', '66', '1');
INSERT INTO `indexes` VALUES ('9552', '1', '9552', '11', '2', '40', '1', '1', '25', '4', '1', '66', '1');
INSERT INTO `indexes` VALUES ('9553', '1', '9553', '11', '2', '40', '1', '1', '25', '4', '1', '66', '1');
INSERT INTO `indexes` VALUES ('9554', '1', '9554', '11', '2', '40', '1', '1', '25', '4', '1', '66', '1');
INSERT INTO `indexes` VALUES ('9555', '1', '9555', '11', '2', '40', '1', '1', '25', '4', '1', '66', '1');
INSERT INTO `indexes` VALUES ('9556', '1', '9556', '11', '2', '40', '1', '1', '25', '4', '1', '66', '1');
INSERT INTO `indexes` VALUES ('9557', '1', '9557', '11', '2', '40', '1', '1', '25', '4', '1', '66', '1');
INSERT INTO `indexes` VALUES ('9558', '1', '9558', '11', '2', '40', '1', '1', '25', '4', '1', '66', '1');
INSERT INTO `indexes` VALUES ('9559', '1', '9559', '11', '2', '40', '1', '1', '25', '4', '1', '66', '1');
INSERT INTO `indexes` VALUES ('9560', '1', '9560', '11', '2', '40', '1', '1', '25', '4', '1', '66', '1');
INSERT INTO `indexes` VALUES ('9561', '1', '9561', '11', '2', '40', '1', '1', '25', '4', '1', '66', '1');
INSERT INTO `indexes` VALUES ('9562', '1', '9562', '11', '2', '40', '1', '1', '25', '4', '1', '66', '1');
INSERT INTO `indexes` VALUES ('9563', '1', '9563', '11', '2', '40', '1', '1', '25', '4', '1', '66', '1');
INSERT INTO `indexes` VALUES ('9564', '1', '9564', '11', '2', '40', '1', '1', '25', '4', '1', '66', '1');
INSERT INTO `indexes` VALUES ('9565', '1', '9565', '11', '2', '40', '1', '1', '25', '4', '1', '66', '1');
INSERT INTO `indexes` VALUES ('9566', '1', '9566', '11', '2', '40', '1', '1', '25', '4', '1', '66', '1');
INSERT INTO `indexes` VALUES ('9567', '1', '9567', '11', '2', '40', '1', '1', '25', '4', '1', '66', '1');
INSERT INTO `indexes` VALUES ('9568', '1', '9568', '11', '2', '40', '1', '1', '25', '4', '1', '66', '1');
INSERT INTO `indexes` VALUES ('9569', '1', '9569', '11', '2', '40', '1', '1', '25', '4', '1', '66', '1');
INSERT INTO `indexes` VALUES ('9570', '1', '9570', '11', '2', '40', '1', '1', '25', '4', '1', '66', '1');
INSERT INTO `indexes` VALUES ('9571', '1', '9571', '11', '2', '40', '1', '1', '25', '4', '1', '66', '1');
INSERT INTO `indexes` VALUES ('9572', '1', '9572', '11', '2', '40', '1', '1', '25', '4', '1', '66', '1');
INSERT INTO `indexes` VALUES ('9573', '1', '9573', '11', '2', '40', '1', '1', '25', '4', '1', '66', '1');
INSERT INTO `indexes` VALUES ('9574', '1', '9574', '11', '2', '40', '1', '1', '25', '4', '1', '66', '1');
INSERT INTO `indexes` VALUES ('9575', '1', '9575', '11', '2', '40', '1', '1', '25', '4', '1', '66', '1');
INSERT INTO `indexes` VALUES ('9576', '1', '9576', '11', '2', '40', '1', '1', '25', '4', '1', '66', '1');
INSERT INTO `indexes` VALUES ('9577', '1', '9577', '11', '2', '40', '1', '1', '25', '4', '1', '66', '1');
INSERT INTO `indexes` VALUES ('9578', '1', '9578', '11', '2', '40', '1', '1', '25', '4', '1', '66', '1');
INSERT INTO `indexes` VALUES ('9579', '1', '9579', '11', '2', '40', '1', '1', '25', '4', '1', '66', '1');
INSERT INTO `indexes` VALUES ('9580', '1', '9580', '11', '2', '40', '1', '1', '25', '4', '1', '66', '1');
INSERT INTO `indexes` VALUES ('9581', '1', '9581', '11', '2', '40', '1', '1', '25', '4', '1', '66', '1');
INSERT INTO `indexes` VALUES ('9582', '1', '9582', '11', '2', '40', '1', '1', '25', '4', '1', '66', '1');
INSERT INTO `indexes` VALUES ('9583', '1', '9583', '11', '2', '40', '1', '1', '25', '4', '1', '66', '1');
INSERT INTO `indexes` VALUES ('9584', '1', '9584', '11', '2', '40', '1', '1', '25', '4', '1', '66', '1');
INSERT INTO `indexes` VALUES ('9585', '1', '9585', '11', '2', '40', '1', '1', '25', '4', '1', '66', '1');
INSERT INTO `indexes` VALUES ('9586', '1', '9586', '11', '2', '40', '1', '1', '25', '4', '1', '66', '1');
INSERT INTO `indexes` VALUES ('9587', '1', '9587', '11', '2', '40', '1', '1', '25', '4', '1', '66', '1');
INSERT INTO `indexes` VALUES ('9588', '1', '9588', '11', '2', '40', '1', '1', '25', '4', '1', '66', '1');
INSERT INTO `indexes` VALUES ('9589', '1', '9589', '11', '2', '40', '1', '1', '25', '4', '1', '66', '1');
INSERT INTO `indexes` VALUES ('9590', '1', '9590', '11', '2', '40', '1', '1', '25', '4', '1', '66', '1');
INSERT INTO `indexes` VALUES ('9591', '1', '9591', '11', '2', '40', '1', '1', '25', '4', '1', '66', '1');
INSERT INTO `indexes` VALUES ('9592', '1', '9592', '11', '2', '40', '1', '1', '25', '4', '1', '66', '1');
INSERT INTO `indexes` VALUES ('9593', '1', '9593', '11', '2', '40', '1', '1', '25', '4', '1', '66', '1');
INSERT INTO `indexes` VALUES ('9594', '1', '9594', '11', '2', '40', '1', '1', '25', '4', '1', '66', '1');
INSERT INTO `indexes` VALUES ('9595', '1', '9595', '11', '2', '40', '1', '1', '25', '4', '1', '66', '1');
INSERT INTO `indexes` VALUES ('9596', '1', '9596', '11', '2', '40', '1', '1', '25', '4', '1', '66', '1');
INSERT INTO `indexes` VALUES ('9597', '1', '9597', '11', '2', '40', '1', '1', '25', '4', '1', '66', '1');
INSERT INTO `indexes` VALUES ('9598', '1', '9598', '11', '2', '40', '1', '1', '25', '4', '1', '66', '1');
INSERT INTO `indexes` VALUES ('9599', '1', '9599', '11', '2', '40', '1', '1', '25', '4', '1', '66', '1');
INSERT INTO `indexes` VALUES ('9600', '1', '9600', '11', '2', '40', '1', '1', '25', '4', '1', '66', '1');
INSERT INTO `indexes` VALUES ('9601', '1', '9601', '11', '2', '40', '1', '1', '25', '4', '1', '66', '1');
INSERT INTO `indexes` VALUES ('9602', '1', '9602', '11', '2', '40', '1', '1', '25', '4', '1', '66', '1');
INSERT INTO `indexes` VALUES ('9603', '1', '9603', '11', '2', '40', '1', '1', '25', '4', '1', '66', '1');
INSERT INTO `indexes` VALUES ('9604', '1', '9604', '11', '2', '40', '1', '1', '25', '4', '1', '66', '1');
INSERT INTO `indexes` VALUES ('9605', '1', '9605', '11', '2', '40', '1', '1', '25', '4', '1', '66', '1');
INSERT INTO `indexes` VALUES ('9606', '1', '9606', '11', '2', '40', '1', '1', '25', '4', '1', '66', '1');
INSERT INTO `indexes` VALUES ('9607', '1', '9607', '11', '2', '40', '1', '1', '25', '4', '1', '66', '1');
INSERT INTO `indexes` VALUES ('9608', '1', '9608', '11', '2', '40', '1', '1', '25', '4', '1', '66', '1');
INSERT INTO `indexes` VALUES ('9609', '1', '9609', '11', '2', '40', '1', '1', '25', '4', '1', '66', '1');
INSERT INTO `indexes` VALUES ('9610', '1', '9610', '11', '2', '40', '1', '1', '25', '4', '1', '66', '1');
INSERT INTO `indexes` VALUES ('9611', '1', '9611', '11', '2', '40', '1', '1', '25', '4', '1', '66', '1');
INSERT INTO `indexes` VALUES ('9612', '1', '9612', '11', '2', '40', '1', '1', '25', '4', '1', '66', '1');
INSERT INTO `indexes` VALUES ('9613', '1', '9613', '11', '2', '40', '1', '1', '25', '4', '1', '66', '1');
INSERT INTO `indexes` VALUES ('9614', '1', '9614', '11', '2', '40', '1', '1', '25', '4', '1', '66', '1');
INSERT INTO `indexes` VALUES ('9615', '1', '9615', '11', '2', '40', '1', '1', '25', '4', '1', '66', '1');
INSERT INTO `indexes` VALUES ('9616', '1', '9616', '11', '2', '40', '1', '1', '25', '4', '1', '66', '1');
INSERT INTO `indexes` VALUES ('9617', '1', '9617', '11', '2', '40', '1', '1', '25', '4', '1', '66', '1');
INSERT INTO `indexes` VALUES ('9618', '1', '9618', '11', '2', '40', '1', '1', '25', '4', '1', '66', '1');
INSERT INTO `indexes` VALUES ('9619', '1', '9619', '11', '2', '40', '1', '1', '25', '4', '1', '66', '1');
INSERT INTO `indexes` VALUES ('9620', '1', '9620', '11', '2', '40', '1', '1', '25', '4', '1', '66', '1');
INSERT INTO `indexes` VALUES ('9621', '1', '9621', '11', '2', '40', '1', '1', '25', '4', '1', '66', '1');
INSERT INTO `indexes` VALUES ('9622', '1', '9622', '11', '2', '40', '1', '1', '25', '4', '1', '66', '1');
INSERT INTO `indexes` VALUES ('9623', '1', '9623', '11', '2', '40', '1', '1', '25', '4', '1', '66', '1');
INSERT INTO `indexes` VALUES ('9624', '1', '9624', '11', '2', '40', '1', '1', '25', '4', '1', '66', '1');
INSERT INTO `indexes` VALUES ('9625', '1', '9625', '11', '2', '40', '1', '1', '25', '4', '1', '66', '1');
INSERT INTO `indexes` VALUES ('9626', '1', '9626', '11', '2', '40', '1', '1', '25', '4', '1', '66', '1');
INSERT INTO `indexes` VALUES ('9627', '1', '9627', '11', '2', '40', '1', '1', '25', '4', '1', '66', '1');
INSERT INTO `indexes` VALUES ('9628', '1', '9628', '11', '2', '40', '1', '1', '25', '4', '1', '66', '1');
INSERT INTO `indexes` VALUES ('9629', '1', '9629', '11', '2', '40', '1', '1', '25', '4', '1', '66', '1');
INSERT INTO `indexes` VALUES ('9630', '1', '9630', '11', '2', '40', '1', '1', '25', '4', '1', '66', '1');
INSERT INTO `indexes` VALUES ('9631', '1', '9631', '11', '2', '40', '1', '1', '25', '4', '1', '66', '1');
INSERT INTO `indexes` VALUES ('9632', '1', '9632', '11', '2', '40', '1', '1', '25', '4', '1', '66', '1');
INSERT INTO `indexes` VALUES ('9633', '1', '9633', '11', '2', '40', '1', '1', '25', '4', '1', '66', '1');
INSERT INTO `indexes` VALUES ('9634', '1', '9634', '11', '2', '40', '1', '1', '25', '4', '1', '66', '1');
INSERT INTO `indexes` VALUES ('9635', '1', '9635', '11', '2', '40', '1', '1', '25', '4', '1', '66', '1');
INSERT INTO `indexes` VALUES ('9636', '1', '9636', '11', '2', '40', '1', '1', '25', '4', '1', '66', '1');
INSERT INTO `indexes` VALUES ('9637', '1', '9637', '11', '2', '40', '1', '1', '25', '4', '1', '66', '1');
INSERT INTO `indexes` VALUES ('9638', '1', '9638', '11', '2', '40', '1', '1', '25', '4', '1', '66', '1');
INSERT INTO `indexes` VALUES ('9639', '1', '9639', '11', '2', '40', '1', '1', '25', '4', '1', '66', '1');
INSERT INTO `indexes` VALUES ('9640', '1', '9640', '7', '2', '21', '1', '2', '25', '25', '1', '565', '2');
INSERT INTO `indexes` VALUES ('9641', '1', '9641', '7', '2', '21', '1', '2', '25', '25', '1', '565', '2');
INSERT INTO `indexes` VALUES ('9642', '1', '9642', '7', '2', '21', '1', '1', '23', '25', '1', '565', '2');
INSERT INTO `indexes` VALUES ('9643', '1', '9643', '7', '2', '21', '1', '1', '23', '25', '1', '565', '2');
INSERT INTO `indexes` VALUES ('9644', '1', '9644', '7', '2', '21', '1', '1', '23', '25', '1', '565', '2');
INSERT INTO `indexes` VALUES ('9645', '1', '9645', '7', '2', '21', '1', '1', '23', '25', '1', '565', '2');
INSERT INTO `indexes` VALUES ('9646', '1', '9646', '7', '2', '21', '1', '1', '23', '25', '1', '565', '2');
INSERT INTO `indexes` VALUES ('9647', '1', '9647', '7', '2', '21', '1', '1', '23', '25', '1', '565', '2');
INSERT INTO `indexes` VALUES ('9648', '1', '9648', '7', '2', '21', '1', '1', '23', '25', '1', '565', '2');
INSERT INTO `indexes` VALUES ('9649', '1', '9649', '7', '2', '21', '1', '1', '23', '25', '1', '565', '2');
INSERT INTO `indexes` VALUES ('9650', '1', '9650', '7', '2', '21', '1', '1', '23', '25', '1', '565', '2');
INSERT INTO `indexes` VALUES ('9651', '1', '9657', '7', '2', '7', '3', '1', '10', '9', '1', '9', '2');
INSERT INTO `indexes` VALUES ('9652', '1', '9658', '7', '2', '7', '3', '1', '10', '9', '1', '9', '2');
INSERT INTO `indexes` VALUES ('9653', '1', '9659', '7', '2', '7', '3', '1', '10', '9', '1', '9', '2');
INSERT INTO `listdefects` VALUES ('1', 'Отверстие 1 d = 1,4 мм');
INSERT INTO `listdefects` VALUES ('2', 'Отверстие 2 d = 1,0 мм');
INSERT INTO `listdefects` VALUES ('3', 'Отверстие 3 d = 1,8 мм');
INSERT INTO `listdefects` VALUES ('4', 'Риска');
INSERT INTO `operators` VALUES ('1', 'Медведев Николай Николаевич', '1', '1', '1');
INSERT INTO `operators` VALUES ('2', 'Сорокин Станислав Сергеевич', '1', '-', '1');
INSERT INTO `operators` VALUES ('3', 'Саночкин Дмитрий Алексеевич', '1', '1', '2');
INSERT INTO `operators` VALUES ('4', 'Азовцев Сергей Анатольевич', '1', '1', '2');
INSERT INTO `operators` VALUES ('5', 'Иванов Александр Викторович', '1', '-', '3');
INSERT INTO `operators` VALUES ('6', 'Костоусов Антон Валерьевич', '1', '1', '3');
INSERT INTO `operators` VALUES ('7', 'Моркель Дмитрий Васильевич', '1', '1', '4');
INSERT INTO `operators` VALUES ('8', 'Киселев Сергей Иванович', '2', '2', '4');
INSERT INTO `operators` VALUES ('9', 'Попов Сергей Витальевич', '1', '-', '1');
INSERT INTO `operators` VALUES ('10', 'Поздеев Павел Анатольевич ', '1', '1', '1');
INSERT INTO `operators` VALUES ('11', 'Ефимцев Иван Сергеевич', '1', '1', '1');
INSERT INTO `operators` VALUES ('12', 'Костарева Ксения Владимировна', '-', '2', null);
INSERT INTO `operators` VALUES ('13', 'Куликова Ольга Владимировна', '-', '1', null);
INSERT INTO `operators` VALUES ('14', 'Сайфулина Зульфия Альтфатовна', '1', '1', null);
INSERT INTO `operators` VALUES ('15', 'Новоселова Юлия Владимировна', '1', '1', null);
INSERT INTO `operators` VALUES ('16', 'Седова Татьяна Генадьевна', '-', '2', null);
INSERT INTO `operators` VALUES ('17', 'Волкова Людмила Николаевна', '2', '1', null);
INSERT INTO `operators` VALUES ('18', 'Комарова Оксана Александровна', '-', '1', null);
INSERT INTO `operators` VALUES ('19', 'Крылаткова Наталья Владимировна', '-', '2', null);
INSERT INTO `operators` VALUES ('20', 'Макаренко Светлана Владимировна', '-', '1', null);
INSERT INTO `operators` VALUES ('21', 'Сухова Оксана Валентиновна', '-', '2', null);
INSERT INTO `operators` VALUES ('22', 'Лодейщикова Ирина Георгиевна', '1', '1', null);
INSERT INTO `operators` VALUES ('23', 'Балтаева Инна Геннадьевна', '1', '2', null);
INSERT INTO `operators` VALUES ('24', 'Шитикова Наталья Анатольевна', '1', '1', null);
INSERT INTO `operators` VALUES ('25', 'Ахмеджанова Галина Васильевна', '2', '-', null);
INSERT INTO `operators` VALUES ('26', 'Тарасова Татьяна Сергеевна', '1', '-', null);
INSERT INTO `operators` VALUES ('27', 'Пильщикова Ирина Васильевна', '1', '-', null);
INSERT INTO `operators` VALUES ('28', 'Ширинкина Елена Николаевна', '-', '-', null);
INSERT INTO `operators` VALUES ('29', 'Лыжина Ольга Федоровна', '-', '-', null);
INSERT INTO `operators` VALUES ('30', 'Глинских Алена Сергеевна', '-', '2', null);
INSERT INTO `operators` VALUES ('31', 'Манаева Анастасия Андреевна', '-', '2', null);
INSERT INTO `operators` VALUES ('32', 'Данилюк Наталья Сергеевна', '1', '2', null);
INSERT INTO `operators` VALUES ('33', 'Дубовцева Татьяна Олеговна', '1', '2', null);
INSERT INTO `operators` VALUES ('34', 'Уварова Анна Алексеевна', '-', '1', null);
INSERT INTO `sensors` VALUES ('1', 'sen1');
INSERT INTO `sensors` VALUES ('2', 'sen2');
INSERT INTO `sensors` VALUES ('3', 'sen3');
INSERT INTO `sensors` VALUES ('4', 'sen4');
INSERT INTO `sensors` VALUES ('5', 'sen5');
INSERT INTO `sensors` VALUES ('6', 'sen6');
INSERT INTO `sensors` VALUES ('7', 'sen7');
INSERT INTO `sensors` VALUES ('8', 'sen8');
INSERT INTO `sizetubes` VALUES ('1', '88,5', '');
INSERT INTO `sizetubes` VALUES ('2', '88,9', '');
INSERT INTO `sizetubes` VALUES ('3', '89', '');
INSERT INTO `sizetubes` VALUES ('4', '101,6', '');
INSERT INTO `sizetubes` VALUES ('5', '102', '');
INSERT INTO `sizetubes` VALUES ('6', '108', '');
INSERT INTO `sizetubes` VALUES ('7', '114', '');
INSERT INTO `sizetubes` VALUES ('8', '114,3', '');
INSERT INTO `sizetubes` VALUES ('9', '127', '');
INSERT INTO `sizetubes` VALUES ('10', '133', '');
INSERT INTO `sizetubes` VALUES ('11', '146', '');
INSERT INTO `sizetubes` VALUES ('12', '152', '');
INSERT INTO `sizetubes` VALUES ('13', '152,4', '');
INSERT INTO `sizetubes` VALUES ('14', '159', '');
INSERT INTO `sizetubes` VALUES ('15', '168', '');
INSERT INTO `sizetubes` VALUES ('16', '168,3', '');
INSERT INTO `sizetubes` VALUES ('17', '219', '');
INSERT INTO `sizetubes` VALUES ('18', '219,1', '');
INSERT INTO `sizetubes` VALUES ('19', '100x100', '');
INSERT INTO `sizetubes` VALUES ('20', '120x120', '');
INSERT INTO `sizetubes` VALUES ('21', '120x60', '');
INSERT INTO `sizetubes` VALUES ('22', '120x80', '');
INSERT INTO `sizetubes` VALUES ('23', '140x60', '');
INSERT INTO `sizetubes` VALUES ('24', '140x100', '');
INSERT INTO `sizetubes` VALUES ('25', '150x100', '');
INSERT INTO `sizetubes` VALUES ('26', '160x80', '');
INSERT INTO `timeintervalsmens` VALUES ('1', '08:00-20:00');
INSERT INTO `timeintervalsmens` VALUES ('2', '20:00-08:00');
INSERT INTO `worksmens` VALUES ('1', 'Смена А');
INSERT INTO `worksmens` VALUES ('2', 'Смена Б');
INSERT INTO `worksmens` VALUES ('3', 'Смена В');
INSERT INTO `worksmens` VALUES ('4', 'Смена Г');
